,Accuracy,Precision,Recall,F1-score,ROC-AUC
LightGBM,0.9999551750414631,0.9999551790596568,0.9999551750414631,0.9999551750413731,0.999955175041463
