tree
version=v4
num_class=1
num_tree_per_iteration=1
label_index=0
max_feature_idx=12
objective=binary sigmoid:1
feature_names=src_ip dst_ip src_port dst_port protocol duration total_packets total_bytes avg_packet_size avg_inter_arrival_time syn_count fin_count direction_ratio
feature_infos=[0:49] [0:36] [53:65355] [9:65470] [0:1] [0:200.0911700725556] [1:9314] [120:7829893] [60:1189.0711974110031] [0:28.584452867507931] [0:4] none none
tree_sizes=1271 1397 1606 1826 1930 3317 3401 3318 3402 3403 3418 3402 3390 3406 3360 3354 3418 3386 3426 3373 3407 3411 3392 3393 3424 3408 3405 3411 3401 3430 3398 3421 3424 3420 3394 3416 3417 3404 3433 3437 3427 3437 3449 3427 3441 3424 3441 3431 3445 3466 3449 3439 3438 3455 3454 3479 3486 3468 3495 3487 3461 3448 3464 3488 3483 3488 3494 3493 3499 3513 3506 3509 3523 3505 3514

Tree=0
num_leaves=11
num_cat=0
split_feature=0 0 7 8 0 5 5 0 3 3
split_gain=2002.98 1037.68 352.307 1.59592 2.66737 0.280967 0.197356 1.13687e-13 1.13687e-13 1.13687e-13
threshold=19.500000000000004 27.000000000000004 5939.5000000000009 89.500000000000014 21.500000000000004 0.039068937301635707 15.834499955177309 43.500000000000007 62762.500000000007 58093.000000000007
decision_type=2 2 2 2 2 2 2 2 2 2
left_child=-1 2 3 5 -5 8 -4 -3 9 -2
right_child=1 7 6 4 -6 -7 -8 -9 -10 -11
leaf_value=-0.77716396157237777 -1.3434907926276649 -0.77716396157237777 -0.77716396157237777 -1.3434907926276649 -1.2356190152838007 -1.3151744510749006 -0.80548030312514218 -0.77716396157237777 -1.3434907926276649 -1.3434907926276649
leaf_weight=89.70085197687149 443.03038899600506 3.7081060856580725 8.1225180923938733 6.0036003291606885 3.7081060856580734 3.5315296053886405 3.5315296053886405 33.019801810383797 3.5315296053886405 5.1207179278135291
leaf_count=508 2509 21 46 34 21 20 20 187 20 29
internal_value=-1.21314 -1.28933 -1.3288 -1.34242 -1.3023 -1.34327 -0.785745 -0.777164 -1.34349 -1.34349
internal_weight=603.009 513.308 476.58 464.926 9.71171 455.214 11.654 36.7279 451.683 448.151
internal_count=3415 2907 2699 2633 55 2578 66 208 2558 2538
is_linear=0
shrinkage=1


Tree=1
num_leaves=12
num_cat=0
split_feature=0 0 6 5 8 9 5 5 3 0 5
split_gain=1359.29 749.078 263.136 2.4082 1.08549 1.42895 0.0103668 6.73766e-05 1.13687e-13 5.68434e-14 1.42109e-14
threshold=19.500000000000004 27.000000000000004 61.000000000000007 0.13896596431732175 89.500000000000014 0.0031249523162841003 11.711065053939821 0.012949466705322252 59042.000000000007 44.500000000000007 0.11861288547515866
decision_type=2 2 2 2 2 2 2 2 2 2 2
left_child=-1 2 3 4 7 -6 10 8 -2 -3 -4
right_child=1 9 6 -5 5 -7 -8 -9 -10 -11 -12
leaf_value=0.31752943217601126 -0.12609332025725173 0.31752943217601126 0.31752943217601132 -0.041119077246648143 -0.039858974367946748 -0.12708447060195144 0.32346153764711638 -0.12654593419188415 -0.12609332025725173 0.31752943217601126 0.31752943217601121
leaf_weight=109.60080766677856 411.92572459578514 18.122968196868896 4.9622412919998151 3.4154283702373496 3.4067267179489127 4.1858125478029251 4.271553859114646 3.3149699568748465 6.5645533800125113 26.752953052520752 4.5307420492172241
leaf_count=508 2510 84 23 20 20 25 20 20 40 124 21
internal_value=-0.000914412 -0.0719317 -0.111068 -0.124757 -0.125422 -0.0879469 0.31937 -0.126097 -0.126093 0.317529 0.317529
internal_weight=601.054 491.454 446.578 432.813 429.398 7.59254 13.7645 421.805 418.49 44.8759 9.49298
internal_count=3415 2907 2699 2635 2615 45 64 2570 2550 208 44
is_linear=0
shrinkage=0.1


Tree=2
num_leaves=14
num_cat=0
split_feature=0 0 7 8 0 9 9 9 5 3 3 3 3
split_gain=1025.65 591.237 212.864 1.58397 2.59309 0.288265 0.0849974 0.00274956 6.24866e-06 1.13687e-13 1.13687e-13 5.68434e-14 3.55271e-15
threshold=19.500000000000004 27.000000000000004 5939.5000000000009 89.500000000000014 21.500000000000004 0.0071215391159057005 0.10131770464373221 0.0034834234564153506 0.0042699575424194015 57409.500000000007 42684.000000000007 5954.5000000000009 62594.000000000007
decision_type=2 2 2 2 2 2 2 2 2 2 2 2 2
left_child=9 2 3 5 -5 8 7 -4 10 -1 -2 -3 -12
right_child=1 11 6 4 -6 -7 -8 -9 -10 -11 12 -13 -14
leaf_value=0.25834951856943766 -0.12300210930783909 0.25834951856943766 0.25834951856943772 -0.1240457211882319 -0.01331895166501859 -0.09262254452933362 0.24364360624766956 0.26155635317899434 -0.12314577916122892 0.25834951856943766 -0.12300210930783904 0.25834951856943766 -0.12300210930783909
leaf_weight=111.26902709901333 368.07590027153492 38.671324983239174 6.1684322059154493 5.3067027032375318 3.5165493041276932 3.1484662145376197 4.695719674229621 4.7192058712244034 3.0512394458055487 9.2526483088731748 13.987188279628755 10.676132664084433 3.8008663803338996
leaf_count=469 2421 163 26 34 21 20 20 20 20 39 92 45 25
internal_value=-0.00166613 -0.0689403 -0.107721 -0.121816 -0.079915 -0.122759 0.254889 0.25974 -0.123003 0.25835 -0.123002 0.25835 -0.123002
internal_weight=586.339 465.818 416.47 400.887 8.82325 392.064 15.5834 10.8876 388.915 120.522 385.864 49.3475 17.7881
internal_count=3415 2907 2699 2633 55 2578 66 46 2558 508 2538 208 117
is_linear=0
shrinkage=0.1


Tree=3
num_leaves=16
num_cat=0
split_feature=0 0 6 5 1 5 5 2 5 5 5 0 2 0 3
split_gain=814.564 486.26 177.897 2.58272 1.19066 1.51307 0.00636559 0.000209718 2.94756e-05 1.5872e-05 8.95851e-06 1.13687e-13 5.68434e-14 2.84217e-14 1.42109e-14
threshold=19.500000000000004 27.000000000000004 61.000000000000007 0.14634299278259275 13.500000000000002 0.0076789855957031007 11.711065053939821 60.000000000000007 6.0796737670898446e-06 0.18517935276031491 3.6478042602539069e-05 10.000000000000002 2908.5000000000005 44.500000000000007 1028.5000000000002
decision_type=2 2 2 2 2 2 2 2 2 2 2 2 2 2 2
left_child=11 2 3 4 5 -2 9 -6 -9 -4 12 -1 -10 14 -3
right_child=1 13 6 -5 7 -7 -8 8 10 -11 -12 -13 -14 -15 -16
leaf_value=0.22229733806137633 -0.026182932811586835 0.22229733806137625 0.22229733806137639 -0.024801937288519104 -0.12107104890608536 -0.12335526339765227 0.22651765945373281 -0.12058720347183696 -0.12033988053394128 0.2220548868764583 -0.12051442845595361 0.22229733806137633 -0.12033988053394128 0.22229733806137633 0.22229733806137633
leaf_weight=41.82492670416832 3.0692951977252951 7.424543201923373 5.9396345615386945 2.8968465924262992 4.0202437639236441 3.3528805375099182 4.9313682466745368 4.9447602182626715 244.66821032762527 4.950660303235054 2.9653199911117545 83.897338181734085 105.19890329241753 30.688111901283264 13.364177763462065
leaf_count=169 20 30 24 18 28 22 20 35 1742 20 21 339 749 124 54
internal_value=-0.00209441 -0.0664422 -0.104855 -0.118855 -0.119595 -0.0769145 0.223537 -0.120353 -0.120345 0.222187 -0.120341 0.222297 -0.12034 0.222297 0.222297
internal_weight=564.137 438.415 386.938 371.116 368.22 6.42218 15.8217 361.797 357.777 10.8903 352.832 125.722 349.867 51.4768 20.7887
internal_count=3415 2907 2699 2635 2617 42 64 2575 2547 44 2512 508 2491 208 84
is_linear=0
shrinkage=0.1


Tree=4
num_leaves=17
num_cat=0
split_feature=0 0 7 8 0 9 9 9 7 9 9 2 0 3 0 2
split_gain=666.967 409.462 152.573 1.6816 2.5247 0.306105 0.0730271 0.00345201 0.00027481 8.64941e-09 8.51514e-11 1.13687e-13 5.68434e-14 5.68434e-14 1.42109e-14 1.42109e-14
threshold=19.500000000000004 27.000000000000004 5939.5000000000009 89.500000000000014 21.500000000000004 0.0071215391159057005 0.10131770464373221 0.0034834234564153506 131.50000000000003 6.0796737670898446e-06 2.3961067199707035e-05 3326.0000000000005 6.5000000000000009 54692.000000000007 1.5000000000000002 52812.000000000007
decision_type=2 2 2 2 2 2 2 2 2 2 2 2 2 2 2 2
left_child=12 2 3 5 -5 8 7 -4 9 -2 11 -11 14 -3 -1 -13
right_child=1 13 6 4 -6 -7 -8 -9 -10 10 -12 15 -14 -15 -16 -17
leaf_value=0.19792068893408207 -0.11802926986980232 0.19792068893408216 0.19792251528139179 -0.11927289533242313 -0.0049425084553209563 -0.084886626525481512 0.18493673038346603 0.20142166793541999 -0.11888178065987848 -0.11803373859804474 -0.11803321233065374 -0.11803373859804474 0.19792068893408216 0.19792068893408216 0.19792068893408216 -0.11803373859804474
leaf_weight=8.2490893006324786 4.4002535641193381 46.494866967201233 6.4992837607860583 4.5893138200044623 3.3350502401590347 2.8079383373260489 4.9767412692308417 4.9793137758970261 3.8657149225473395 255.77628564834595 3.106531858444213 11.002522408962248 99.48901641368866 5.499392867088317 19.247875034809113 53.070990443229675
leaf_count=33 34 186 26 34 21 20 20 20 29 1976 24 85 398 22 77 410
internal_value=-0.00235827 -0.064328 -0.102372 -0.116685 -0.0711558 -0.117765 0.195054 0.19944 -0.118044 -0.118034 -0.118034 -0.118034 0.197921 0.197921 0.197921 -0.118034
internal_weight=537.39 410.404 358.41 341.955 7.92436 334.03 16.4553 11.4786 331.222 327.357 322.956 319.85 126.986 51.9943 27.497 64.0735
internal_count=3415 2907 2699 2633 55 2578 66 46 2558 2529 2495 2471 508 208 110 495
is_linear=0
shrinkage=0.1


Tree=5
num_leaves=31
num_cat=0
split_feature=2 2 7 3 9 7 2 7 5 5 5 5 3 3 3 3 3 3 2 5 3 5 2 3 3 3 3 2 2 2
split_gain=508.742 303.918 138.852 3.49178 2.83591 13.3693 0.913687 0.256171 0.0767194 0.226826 0.157468 0.0821622 0.113277 0.168224 0.139567 0.0690215 0.0618974 0.0603739 0.155795 0.105524 0.230668 0.140749 0.1111 0.101846 0.0544668 0.0596082 0.038058 0.192952 0.0391148 0.0329269
threshold=52695.000000000007 60944.500000000007 7653.0000000000009 57279.000000000007 0.0019040107727050003 11189.500000000002 57426.000000000007 543.00000000000011 1.3947486877441408e-05 1.2516975402832033e-05 1.4901161193847658e-05 1.1086463928222658e-05 2802.5000000000005 23.500000000000004 4599.5000000000009 9955.5000000000018 1721.5000000000002 2033.0000000000002 52812.000000000007 1.1563301086425783e-05 41.500000000000007 1.2040138244628908e-05 52812.000000000007 4599.5000000000009 110.50000000000001 438.50000000000006 570.50000000000011 52812.000000000007 52812.000000000007 52812.000000000007
decision_type=2 2 2 2 2 2 2 2 2 2 2 2 2 2 2 2 2 2 2 2 2 2 2 2 2 2 2 2 2 2
left_child=2 4 3 7 6 -6 8 -1 9 11 -10 12 13 -2 -14 -16 -11 19 23 -13 -21 26 -23 -19 -15 29 27 -22 -28 -26
right_child=1 -3 -4 -5 5 -7 -8 -9 10 16 -12 17 14 24 15 -17 -18 18 -20 20 21 22 -24 -25 25 -27 28 -29 -30 -31
leaf_value=-0.11606222152553272 0.15166962169117609 -0.11617282993940869 0.1803375496018132 -0.018041751055675043 -0.053319225945009041 0.18397631616983615 0.20316572452723408 -0.084401162591903167 0.14306239313196442 0.17011087500581265 0.16697010273984442 0.14534877592604459 0.1525976425004065 0.1803375496018132 0.17494439331564013 0.15938266308994667 0.1803375496018132 0.1667120687208174 0.17384033997065354 0.1803375496018132 0.18033754960181309 0.15741984904546746 0.13725745080720242 0.14698303534310583 0.16841782499805846 0.17261021996465709 0.15329789165214128 0.15303948078040086 0.165275071507406 0.157109239303723
leaf_weight=252.19723282009363 4.9226876199245444 49.394182793796062 17.044934615492821 3.7114359885454169 3.3491322472691527 8.1566939055919629 6.4278160482645026 2.58167940378189 4.8028875142335874 15.345200881361963 6.4611280411481857 5.041733354330062 11.446589201688768 5.6816448718309394 6.5417747199535352 5.0506490021944046 9.6340934783220273 5.1786522269248962 10.860297098755836 5.1875887960195533 5.1875887960195559 6.1578278094530088 4.9137510508298874 5.2887613922357559 5.9197363406419736 22.827731162309647 6.5239015817642194 5.1697156578302383 4.6845961511135101 4.5566138476133347
leaf_count=2116 22 413 69 25 22 33 27 19 22 64 27 23 51 23 27 22 39 22 45 21 21 27 23 24 25 95 29 23 20 20
internal_value=-0.00395056 0.104237 -0.0961096 -0.114339 0.162984 0.114904 0.166167 -0.115741 0.164746 0.165321 0.156776 0.163658 0.166109 0.169089 0.16043 0.168164 0.174055 0.161102 0.16545 0.158939 0.16075 0.157637 0.148471 0.156744 0.171288 0.169744 0.162342 0.166712 0.158304 0.163499
internal_weight=510.248 234.713 275.535 258.49 185.319 11.5058 173.813 254.779 167.385 156.121 11.264 131.142 66.9474 43.9084 23.039 11.5924 24.9793 64.1944 21.3277 42.8667 37.825 32.6374 11.0716 10.4674 38.9857 33.3041 21.5658 10.3573 11.2085 10.4764
internal_count=3439 1210 2229 2160 797 55 742 2135 715 666 49 563 285 185 100 49 103 278 91 187 164 143 50 46 163 140 93 44 49 45
is_linear=0
shrinkage=0.1


Tree=6
num_leaves=31
num_cat=0
split_feature=0 0 6 8 2 5 2 2 6 5 5 8 5 5 5 5 5 2 5 0 5 5 0 0 2 2 0 0 0 5
split_gain=479.891 314.799 110.361 1.50952 2.56443 0.0495057 0.00346632 0.015151 0.00130571 0.00370004 0.000633062 0.000619908 0.000474935 0.000433446 0.000185494 0.000174404 0.000109796 0.000151249 6.01483e-05 4.87081e-05 2.91489e-05 0.000158196 2.9673e-05 2.52437e-05 2.57996e-05 1.55895e-05 1.25787e-05 1.14602e-05 8.65107e-06 5.98519e-06
threshold=19.500000000000004 27.000000000000004 39.500000000000007 89.500000000000014 19597.000000000004 0.34207010269165045 19597.000000000004 60944.500000000007 20.500000000000004 1.3947486877441408e-05 1.2516975402832033e-05 225.52631578947373 1.2040138244628908e-05 1.3947486877441408e-05 2.253055572509766e-05 0.0011430978775023501 1.1086463928222658e-05 52812.000000000007 1.2040138244628908e-05 18.500000000000004 1.1086463928222658e-05 1.1563301086425783e-05 16.500000000000004 13.500000000000002 52812.000000000007 52812.000000000007 44.500000000000007 14.500000000000002 14.500000000000002 1.2993812561035158e-05
decision_type=2 2 2 2 2 2 2 2 2 2 2 2 2 2 2 2 2 2 2 2 2 2 2 2 2 2 2 2 2 2
left_child=8 2 3 6 -5 -4 15 13 9 10 12 16 19 -8 -9 -2 25 18 -18 20 22 -22 27 -23 -25 -3 -19 -1 -12 -30
right_child=1 11 5 4 -6 -7 7 14 -10 -11 28 -13 -14 -15 -16 -17 17 26 -20 -21 21 23 -24 24 -26 -27 -28 -29 29 -31
leaf_value=0.16803466192709959 -0.11426978836856697 0.16790908801993196 0.159768069556536 -0.11890691727446215 -0.0023207347984380922 0.17144800923915088 -0.11872803995873181 -0.11427207692738404 0.16708092455977 0.17029351363955672 0.16762702166738705 0.16708092455977 0.16880827293031983 -0.1173327341896272 -0.11519839951322514 -0.11514999692473725 0.16833042744140511 0.16796686637072281 0.1687253894503874 0.16787612690766604 0.16871551476772084 0.16793305195192731 0.16818252400969605 0.16830543008911666 0.16802874819067373 0.16810169077440931 0.16816252775534471 0.16787388917229118 0.167391548704973 0.16753373225787271
leaf_weight=19.03466692566872 227.96542730927467 8.9118850380182284 6.3542675375938407 4.4681955873966208 3.2655205726623535 8.4608440697193128 8.6350658833980543 42.62492074072361 11.053584069013594 7.9894221723079673 5.7761809378862408 5.5267920345067969 10.382252573966978 2.9997953847050658 2.2772402465343466 2.2735048532485953 7.475163996219635 6.0222052335739136 7.9634173065423965 9.6335619539022428 4.8277697861194637 7.4671119004488018 13.257417842745779 6.5102733224630338 6.9872526526451111 7.9526175111532202 7.2307516783475876 5.7800689637660971 4.8102136105298978 7.6995006054639816
leaf_count=79 2086 37 27 36 21 35 65 390 46 33 24 23 43 24 20 20 31 25 33 40 20 31 55 27 29 33 30 24 20 32
internal_value=-0.00401024 -0.0618986 -0.0998782 -0.113275 -0.069679 0.166438 -0.114451 -0.115152 0.168117 0.168221 0.168059 0.168081 0.168175 -0.118368 -0.114319 -0.114278 0.168202 0.168321 0.168534 0.168086 0.168117 0.168199 0.168062 0.168081 0.168162 0.168 0.168074 0.167997 0.167526 0.167479
internal_weight=481.617 360.408 309.325 294.51 7.73372 14.8151 286.776 56.537 121.209 110.156 102.166 51.0828 83.8804 11.6349 44.9022 230.239 45.556 28.6915 15.4386 73.4981 63.8646 25.7924 38.0722 20.9646 13.4975 16.8645 13.253 24.8147 18.2859 12.5097
internal_count=3439 2936 2724 2662 57 62 2605 499 503 457 424 212 348 89 410 2106 189 119 64 305 265 107 158 87 56 70 55 103 76 52
is_linear=0
shrinkage=0.1


Tree=7
num_leaves=31
num_cat=0
split_feature=2 2 7 3 9 7 2 7 5 5 5 5 3 3 3 2 3 3 2 5 3 3 2 3 3 3 3 3 2 3
split_gain=381.793 215.554 106.349 3.1896 2.07987 8.88157 0.80127 0.326751 0.0696724 0.184151 0.120372 0.0671497 0.0940887 0.1391 0.114641 0.0582952 0.0565316 0.0489907 0.129319 0.0856027 0.192921 0.116691 0.162793 0.0821626 0.0739646 0.0470817 0.0501088 0.040985 0.0272167 0.013827
threshold=52695.000000000007 60944.500000000007 7653.0000000000009 57279.000000000007 0.0019040107727050003 11436.500000000002 57426.000000000007 574.00000000000011 1.3947486877441408e-05 1.2516975402832033e-05 1.4901161193847658e-05 1.1086463928222658e-05 2802.5000000000005 23.500000000000004 4599.5000000000009 52812.000000000007 1721.5000000000002 2033.0000000000002 52812.000000000007 1.1563301086425783e-05 41.500000000000007 331.00000000000006 52812.000000000007 4599.5000000000009 570.50000000000011 110.50000000000001 438.50000000000006 1026.0000000000002 52812.000000000007 499.50000000000006
decision_type=2 2 2 2 2 2 2 2 2 2 2 2 2 2 2 2 2 2 2 2 2 2 2 2 2 2 2 2 2 2
left_child=2 4 3 7 6 -6 8 -1 9 11 -10 12 13 -2 -14 -16 29 19 23 -13 -21 22 -22 -19 -23 -15 28 -26 -27 -11
right_child=1 -3 -4 -5 5 -7 -8 -9 10 16 -12 17 14 25 15 -17 -18 18 -20 20 21 24 -24 -25 27 26 -28 -29 -30 -31
leaf_value=-0.11276573661331613 0.12968571149851479 -0.1128770492168919 0.15675924767074434 -0.015456043848768981 -0.03644475649116468 0.15906089112400354 0.1788205266651175 -0.073799461763541158 0.1217583525554741 0.14868063692932973 0.14321444216126067 0.12392700936213859 0.13053634244323223 0.15670629386362608 0.151763249286026 0.13709672971598116 0.1567226188184454 0.14361283807601011 0.15040869662327283 0.15669159567908045 0.13891769613385677 0.15062093911023064 0.11428953799006505 0.12540471747239829 0.12986029754344516 0.14525262485664794 0.14924026468919729 0.14045303495275807 0.13467643129647738 0.14196524721145373
leaf_weight=212.3646879568696 4.6763185560703269 41.605411395430565 15.937470495700834 3.450522080063819 3.3815690055489522 7.4274155795574188 6.0762143880128852 2.174015760421752 4.5777271836996061 10.032709509134294 6.0974978059530258 4.8018973469734183 10.869250841438772 5.3111211806535712 5.9158039540052396 5.0010802298784256 9.0065297782421094 4.8814782202243805 10.194443672895432 4.8489370942115775 5.4625545293092745 4.7575638145208385 5.2763809412717819 5.0338350161910057 5.9567571058869353 5.5752673894166964 21.445454351603985 9.4431283399462682 4.3174413219094276 4.4155239611864081
leaf_count=2117 22 413 69 25 23 32 27 18 22 44 27 23 51 23 26 23 39 22 45 21 25 21 26 24 28 25 95 43 20 20
internal_value=-0.00404634 0.0916901 -0.0926055 -0.110837 0.140385 0.0978973 0.143186 -0.112371 0.141815 0.14238 0.134014 0.140841 0.143124 0.145928 0.137806 0.145044 0.150505 0.138465 0.1425 0.136463 0.138147 0.135237 0.126817 0.134369 0.139723 0.148 0.146524 0.136356 0.140637 0.146628
internal_weight=450.316 216.389 233.927 217.989 174.784 10.809 163.975 214.539 157.899 147.223 10.6752 123.769 63.1117 41.3256 21.7861 10.9169 23.4548 60.657 20.1098 40.5472 35.7453 30.8964 10.7389 9.91531 20.1574 36.6493 31.3382 15.3999 9.89271 14.4482
internal_count=3439 1210 2229 2160 797 55 742 2135 715 666 49 563 285 185 100 49 103 278 91 187 164 143 51 46 92 163 140 71 45 64
is_linear=0
shrinkage=0.1


Tree=8
num_leaves=31
num_cat=0
split_feature=0 0 7 8 3 7 3 3 3 6 5 3 7 5 5 3 5 3 5 5 5 3 5 3 5 3 3 3 3 3
split_gain=360.423 243.376 87.0883 1.53345 2.01437 0.023901 0.00683823 0.0179485 0.00449478 0.00234232 0.0075153 0.00127364 0.00110353 0.00110071 0.000478749 0.000461735 0.000380885 0.000373912 0.000366612 0.000177199 0.00013434 0.000131503 0.000183521 0.00039742 0.000124934 0.000813299 0.000798979 0.000381499 0.000260877 8.31408e-05
threshold=19.500000000000004 27.000000000000004 7653.0000000000009 89.500000000000014 5045.5000000000009 15801.000000000002 95.000000000000014 5045.5000000000009 74.000000000000014 20.500000000000004 1.3947486877441408e-05 10004.500000000002 12096.000000000002 1.2516975402832033e-05 1.2040138244628908e-05 5954.5000000000009 0.0061779022216796511 1721.5000000000002 0.094437003135681166 1.1563301086425783e-05 1.2516975402832033e-05 110.50000000000001 1.1086463928222658e-05 2005.0000000000002 1.1086463928222658e-05 2802.5000000000005 4599.5000000000009 2033.0000000000002 438.50000000000006 570.50000000000011
decision_type=2 2 2 2 2 2 2 2 2 2 2 2 2 2 2 2 2 2 2 2 2 2 2 2 2 2 2 2 2 2
left_child=9 2 3 6 -5 -4 8 19 16 10 13 -9 15 14 24 20 -2 -15 -7 -8 21 -3 -23 -24 25 28 -27 29 -1 -26
right_child=1 12 5 4 -6 18 7 11 -10 -11 -12 -13 -14 17 -16 -17 -18 -19 -20 -21 -22 22 23 -25 27 26 -28 -29 -30 -31
leaf_value=0.14985432118365924 -0.11545556123931977 0.14959337419253271 0.15644231991751326 -0.010150034132634198 -0.11599760933085386 0.14690407336781616 -0.11588744613859377 -0.11350540184995395 -0.11138510206167261 0.14852404532006877 0.1531792076827268 -0.11146800560436494 0.14852404532006877 0.14949285103096729 0.15069803361487186 0.15091576289732417 -0.11365867492756065 0.14850582709926538 0.14818427152112698 -0.11669059880895501 0.14953986491866622 0.14983593388971292 0.15076343111317114 0.14960986973120124 0.15021444746851106 0.1511651185051901 0.14971232818702088 0.14958262805595232 0.14922352623305996 0.1506657707967746
leaf_weight=11.763886228203775 2.2264259234070769 5.3170957118272808 4.5353196412324897 3.4770876541733733 3.7231256440281868 4.5636679381132108 5.0702083557844144 3.4176398366689673 193.19868787378073 10.118620127439497 7.4396131336688986 30.017285294830799 5.0593100637197486 10.851653501391413 9.59678867459297 5.7992525547742835 2.5090406835079193 5.9384168982505789 4.3875180631875992 5.9952814355492592 6.4229989349842063 10.875712350010874 9.1551206856966001 4.4324803203344336 10.455242276191717 7.3889842778444272 7.7624371647834778 8.8628007322549802 14.810609027743338 6.6956072002649298
leaf_count=53 20 24 20 23 34 21 45 34 2106 46 33 326 23 49 43 26 24 27 20 51 29 49 41 20 47 33 35 40 67 30
internal_value=-0.00406384 -0.0595271 -0.0969887 -0.110361 -0.0648823 0.150528 -0.111712 -0.112832 -0.11146 0.149975 0.15012 -0.111676 0.149919 0.149878 0.150037 0.150087 -0.114503 0.149144 0.147532 -0.116323 0.149955 0.150044 0.150142 0.150387 0.149943 0.149836 0.150421 0.150115 0.149503 0.150391
internal_weight=421.868 310.183 263.121 249.635 7.20021 13.4865 242.435 44.5004 197.934 111.685 101.566 33.4349 47.062 94.1264 77.3364 42.0027 4.73547 16.7901 8.95119 11.0655 36.2034 29.7804 24.4633 13.5876 67.7396 41.7259 15.1514 26.0137 26.5745 17.1508
internal_count=3439 2936 2724 2663 57 61 2606 456 2150 503 457 360 212 424 348 189 44 76 41 96 163 134 110 61 305 188 68 117 120 77
is_linear=0
shrinkage=0.1


Tree=9
num_leaves=31
num_cat=0
split_feature=0 0 7 8 2 7 2 2 5 3 5 5 7 5 3 5 9 3 5 5 3 5 3 2 5 3 3 3 2 3
split_gain=313.286 214.098 77.1069 1.60155 2.21344 0.0157237 0.00752191 0.0296915 0.00225721 0.00150101 0.00079649 0.000766436 0.000703255 0.000698969 0.000304471 0.00030376 0.00023868 0.000237376 0.000113402 8.48772e-05 8.28264e-05 0.000116199 0.000251707 0.000159706 7.97344e-05 0.000514176 0.000504711 0.000241995 0.000166391 0.000166173
threshold=19.500000000000004 27.000000000000004 7653.0000000000009 89.500000000000014 19597.000000000004 15801.000000000002 19597.000000000004 60944.500000000007 1.9431114196777347e-05 57447.500000000007 0.033275485038757255 1.3947486877441408e-05 12096.000000000002 1.2516975402832033e-05 5954.5000000000009 1.2040138244628908e-05 0.0010562044741159002 1721.5000000000002 0.0019159317016601001 1.2516975402832033e-05 110.50000000000001 1.1086463928222658e-05 2005.0000000000002 52812.000000000007 1.1086463928222658e-05 2802.5000000000005 4599.5000000000009 2033.0000000000002 52812.000000000007 438.50000000000006
decision_type=2 2 2 2 2 2 2 2 2 2 2 2 2 2 2 2 2 2 2 2 2 2 2 2 2 2 2 2 2 2
left_child=9 2 3 6 -5 -4 18 8 -8 10 11 13 14 15 19 24 -7 -15 -2 20 -3 -22 23 -23 25 29 -27 28 -26 -1
right_child=1 12 5 4 -6 16 7 -9 -10 -11 -12 -13 -14 17 -16 -17 -18 -19 -20 -21 21 22 -24 -25 27 26 -28 -29 -30 -31
leaf_value=0.14291754938245246 -0.11017285975696178 0.14270471371563967 0.14843262807411337 -0.11454928297556713 -0.00078307240805642285 0.14049161014025863 -0.11693373616489194 -0.11019786396002416 -0.11322248568028714 0.14486208850697663 0.14182672015247152 0.14407258908889239 0.14182672015247152 0.14262052383207574 0.14380134532118491 0.14360751491215151 0.14155449254393593 0.14181178317618798 -0.11099821639958306 0.14266043899420436 0.14290193398411605 0.14323990460885141 0.14271671589222995 0.14409837777622078 0.14299527289536684 0.14398694413079582 0.14280037735909221 0.14269479122449399 0.14364009361784866 0.14239999148908386
leaf_weight=11.133749783039095 174.91060573607683 5.0310796499252346 4.3134253323078147 3.6643616259098044 3.2068082466721535 4.3075519204139692 8.6662082821130735 34.414447866380215 2.0210014060139647 4.2384387403726569 6.0302551686763755 6.3567661195993415 4.7826161682605735 10.267125353217123 5.4932615160942069 9.0896059870719892 4.1464772969484329 5.6135526299476615 1.6806953623890866 6.0772211402654639 10.29302002489567 4.4249870479106885 4.1941533684730521 4.2468366622924805 7.1476454138755843 7.0015067309141141 7.3457499444484711 8.3860366493463498 9.0923174917697906 14.009435608983038
leaf_count=53 2087 24 20 36 21 21 70 410 20 20 29 30 23 49 26 43 20 27 19 29 49 21 20 20 34 33 35 40 43 67
internal_value=-0.00407114 -0.0584626 -0.095642 -0.109001 -0.061454 0.14352 -0.110475 -0.111628 -0.116232 0.143018 0.142941 0.143012 0.142972 0.142936 0.14311 0.143067 0.141013 0.142335 -0.110181 0.142999 0.143072 0.143152 0.143353 0.14366 0.14299 0.142902 0.143379 0.143131 0.143356 0.142629
internal_weight=391.587 285.875 241.332 228.564 6.87117 12.7675 221.693 45.1017 10.6872 105.712 101.474 95.4435 44.5432 89.0867 39.7606 73.206 8.45403 15.8807 176.591 34.2673 28.1901 23.159 12.866 8.67182 64.1164 39.4904 14.3473 24.626 16.24 25.1432
internal_count=3439 2936 2724 2663 57 61 2606 500 90 503 483 454 212 424 189 348 41 76 2106 163 134 110 61 41 305 188 68 117 77 120
is_linear=0
shrinkage=0.1


Tree=10
num_leaves=31
num_cat=0
split_feature=0 0 7 9 7 8 7 0 2 2 6 5 5 5 5 5 5 5 2 0 5 0 5 2 0 5 2 5 5 5
split_gain=265.124 193.031 77.6582 0.495864 0.254974 0.105947 0.460593 0.068439 0.00368002 0.0202697 0.00110437 0.00320966 0.000444119 0.00035835 0.000317038 0.000309725 0.000238205 0.000101962 7.88351e-05 5.4999e-05 3.11862e-05 3.06257e-05 2.64806e-05 2.17657e-05 1.88798e-05 1.33388e-05 1.06713e-05 1.00806e-05 6.43816e-06 5.60648e-06
threshold=19.500000000000004 29.500000000000004 3638.0000000000005 0.027761900424957252 15716.500000000002 90.358974358974379 293.00000000000006 21.500000000000004 52695.000000000007 54704.500000000007 20.500000000000004 1.3947486877441408e-05 1.3947486877441408e-05 1.2516975402832033e-05 1.1086463928222658e-05 0.15968751907348633 1.2516975402832033e-05 1.2040138244628908e-05 52812.000000000007 14.500000000000002 1.1086463928222658e-05 8.5000000000000018 1.0490417480468752e-05 52812.000000000007 44.500000000000007 1.2993812561035158e-05 52812.000000000007 1.9431114196777347e-05 3.6478042602539069e-05 1.1086463928222658e-05
decision_type=2 2 2 2 2 2 2 2 2 2 2 2 2 2 2 2 2 2 2 2 2 2 2 2 2 2 2 2 2 2
left_child=10 2 3 5 -4 6 8 -7 28 29 11 13 16 14 18 -6 20 21 -1 -19 23 -16 -20 -3 -22 -15 -26 -11 -2 -10
right_child=1 12 4 -5 15 7 -8 -9 9 27 -12 -13 -14 25 17 -17 -18 19 22 -21 24 -23 -24 -25 26 -27 -28 -29 -30 -31
leaf_value=0.13700256492588378 -0.10911162515443298 0.13710402451814407 0.16559724664638664 -0.055285158581536778 0.13516381254105436 -0.11064814585685614 -0.058338701716022678 -0.13373684791567828 -0.11523864980422185 -0.10910441635494164 0.13625940809798656 0.1394488983294781 0.1381170052225012 0.13662553691317797 0.13768131832776528 0.13638512377141504 0.13659678628902297 0.1375902868648203 0.13751744653676429 0.13809849076119063 0.13729096345230404 0.13740216692758908 0.13722436104079511 0.13736045116171627 0.13742561153427696 0.13684036650428597 0.13761884876592276 -0.1093651448172818 -0.10931592342511527 -0.11505524014140196
leaf_weight=19.908718332648277 161.40995343029499 6.7099294960498828 4.3522861152887335 1.7180163860321034 4.4263889938592893 2.3348969891667357 1.7879494205117215 2.851926252245903 2.8679315671324721 29.292544618248943 8.7881961464881879 7.2587416321039191 6.9641976803541175 5.4936414510011655 4.9677713811397579 3.9112843573093414 4.9031677544116965 3.9699712395668012 4.1656265705823907 4.593453124165535 6.1312583088874844 18.815578877925873 11.858884885907173 6.5329855978488922 6.7359134852886182 6.0987718850374222 4.9638355225324631 1.561961069703101 1.5574080795049656 3.9789842516183853
leaf_count=101 2109 34 21 17 23 27 19 19 25 383 45 36 35 28 25 20 25 20 21 23 31 95 60 33 34 31 25 20 20 35
internal_value=-0.00513056 -0.0566962 -0.0942286 -0.108788 0.145978 -0.109231 -0.108869 -0.123343 -0.10932 -0.11021 0.137328 0.137436 0.137386 0.137253 0.13734 0.135737 0.137245 0.137567 0.137135 0.137863 0.137347 0.13746 0.137301 0.137231 0.137433 0.136739 0.137508 -0.109118 -0.109114 -0.115132
internal_weight=360.912 264.993 222.052 209.362 12.69 207.644 202.457 5.18682 200.669 37.7014 95.9194 87.1312 42.9413 79.8724 68.28 8.33767 35.9771 32.3468 35.9332 8.56342 31.0739 23.7834 16.0245 13.2429 17.831 11.5924 11.6997 30.8545 162.967 6.84692
internal_count=3440 2955 2738 2674 64 2657 2611 46 2592 463 485 440 217 404 345 43 182 163 182 43 157 120 81 67 90 59 59 403 2129 60
is_linear=0
shrinkage=0.1


Tree=11
num_leaves=31
num_cat=0
split_feature=0 0 6 5 6 1 5 2 2 3 5 3 5 5 5 5 5 3 3 5 3 3 2 3 3 3 5 3 2 3
split_gain=232.801 170.989 68.314 0.508848 0.107 0.105998 0.0837166 0.00242062 0.0142895 0.000757976 0.000665854 0.000518021 0.000354486 0.000305653 0.000300618 0.000236838 0.000209491 0.000235525 0.000201939 0.00015745 0.000128182 0.000209267 0.000229962 0.000170045 9.83749e-05 8.16961e-05 8.87481e-05 0.000135138 0.000119742 6.25779e-05
threshold=19.500000000000004 29.500000000000004 12.500000000000002 0.084239482879638658 79.000000000000014 13.500000000000002 5.4836273193359383e-06 52695.000000000007 65054.500000000007 57443.500000000007 6.0634119510650644 55674.500000000007 0.044107556343078606 1.3947486877441408e-05 1.3947486877441408e-05 1.2516975402832033e-05 1.1086463928222658e-05 2802.5000000000005 4599.5000000000009 1.2516975402832033e-05 2033.0000000000002 74.000000000000014 52812.000000000007 331.00000000000006 570.50000000000011 95.000000000000014 1.1086463928222658e-05 2033.0000000000002 52812.000000000007 1621.5000000000002
decision_type=2 2 2 2 2 2 2 2 2 2 2 2 2 2 2 2 2 2 2 2 2 2 2 2 2 2 2 2 2 2
left_child=9 2 3 5 -4 -2 -7 11 -9 12 -6 -8 14 19 15 16 17 -1 -19 25 21 -18 24 -24 -23 -3 -27 28 -28 -17
right_child=1 13 4 -5 10 6 7 8 -10 -11 -12 -13 -14 -15 -16 29 20 18 -20 -21 -22 22 23 -25 -26 26 27 -29 -30 -31
leaf_value=0.13219293461816586 -0.092357946740239866 0.13220879269478159 0.1518723518573078 -0.053044976930569032 0.13080991735843669 -0.13323350446079105 -0.10817343104652177 -0.11348010885653358 -0.10816102037427373 0.13393322725788939 0.13262260523634831 -0.10992280162607236 0.13167250758677937 0.13321696526123233 0.13320228654778185 0.13222128586146867 0.13223500237021241 0.13320608637455297 0.13234693611700751 0.13192435813907288 0.13240531888462365 0.13226815194537661 0.13386806139316121 0.13297742523385361 0.13293802927922324 0.13240220440796832 0.13270215220209372 0.13243453961884444 0.1334761523540334 0.1317189392771676
leaf_weight=22.656721070408821 4.1336166784167281 5.5258487761020687 3.8322491943836203 1.6878678053617466 4.5004676431417447 1.3638107329606999 148.28523018956184 6.1736411750316611 27.764196552336216 3.7446300983428946 3.6862531006336212 1.7122615203261364 5.1150553226470938 6.521115005016326 6.1612762361764899 7.003605902194975 4.2376483976841035 5.2399551123380643 5.7246326953172684 4.5854835361242285 8.3160346299409849 3.6882613152265549 3.9686785340309143 4.6617592424154282 5.4048831015825272 9.6099325865507144 4.2704836428165418 5.9164373427629462 3.7573921978473663 3.8391060829162598
leaf_count=123 39 30 20 18 25 15 2123 59 398 20 20 21 28 35 33 38 23 28 31 25 45 20 21 25 29 52 23 32 20 21
internal_value=-0.00510447 -0.0558812 -0.0931662 -0.107709 0.138082 -0.108196 -0.108549 -0.108366 -0.109129 0.13254 0.131626 -0.108193 0.13248 0.13259 0.132531 0.132476 0.132549 0.132377 0.132758 0.132469 0.13274 0.132866 0.133017 0.133387 0.132666 0.132555 0.132636 0.132797 0.133064 0.132043
internal_weight=333.089 243.326 203.14 191.121 12.019 189.433 185.299 183.935 33.9378 89.7622 8.18672 149.997 86.0176 40.1867 80.9026 74.7413 63.8986 33.6213 10.9646 33.6656 30.2773 21.9612 17.7236 8.63044 9.09314 29.0801 23.5542 13.9443 8.02788 10.8427
internal_count=3440 2955 2738 2673 65 2655 2616 2601 457 485 45 2144 465 217 437 404 345 182 59 182 163 118 95 46 49 157 127 75 43 59
is_linear=0
shrinkage=0.1


Tree=12
num_leaves=31
num_cat=0
split_feature=2 2 7 0 0 5 2 0 5 7 9 2 9 5 7 5 5 5 5 2 0 0 0 5 5 2 5 5 0 2
split_gain=205.361 108.432 58.0076 3.38439 27.7901 1.55823 1.5402 0.69727 4.80105 0.577986 0.151905 0.0636287 0.00912607 0.00039026 0.000109721 5.76617e-05 0.00014036 0.000129372 4.83434e-05 3.68699e-05 2.8727e-05 2.50226e-05 1.47102e-05 1.36329e-05 1.16591e-05 9.2719e-06 8.81496e-06 6.07066e-06 5.01741e-06 4.22593e-06
threshold=51137.000000000007 57869.000000000007 2455.0000000000005 20.500000000000004 21.500000000000004 0.00077950954437250016 60.000000000000007 43.500000000000007 0.049831509590148856 328.00000000000006 0.017031264305114705 3391.5000000000005 0.21104219278809147 1.4901161193847658e-05 10515.000000000002 1.2516975402832033e-05 1.1086463928222658e-05 1.3947486877441408e-05 1.2040138244628908e-05 52812.000000000007 44.500000000000007 14.500000000000002 8.5000000000000018 1.1086463928222658e-05 1.0490417480468752e-05 1059.0000000000002 1.1563301086425783e-05 1.2993812561035158e-05 47.500000000000007 52812.000000000007
decision_type=2 2 2 2 2 2 2 2 2 2 2 2 2 2 2 2 2 2 2 2 2 2 2 2 2 2 2 2 2 2
left_child=2 3 5 15 -5 11 -7 8 -6 13 -10 25 14 -3 -4 16 19 27 22 -2 26 -20 -18 29 -21 -1 -9 -17 -25 -22
right_child=1 9 12 4 7 6 -8 20 10 -11 -12 -13 -14 -15 -16 17 18 -19 21 24 23 -23 -24 28 -26 -27 -28 -29 -30 -31
leaf_value=-0.10759909483269525 0.12826547649867734 -0.10732701024319324 0.12842245419322015 -0.11203575606805041 -0.021026644737807618 -0.10914144057889458 -0.00084515634027174991 0.12848183070986369 0.14625147776601999 -0.038747813038488871 0.12138664010516512 -0.12899421638746555 0.12181189269127826 -0.10861076235948085 0.12768584547037076 0.127998054859009 0.128755601196818 0.12868108695163544 0.12869147361882435 0.12863781679608136 0.12838111748543721 0.12905838505084308 0.12854847468517719 0.12856049520319091 0.12842958282304934 -0.10733117650160265 0.12829956786331304 0.12815333383212066 0.12867881691038907 0.12852711426622623
leaf_weight=1.304435372352599 17.35003225505352 23.534076474606998 3.431047320365904 5.7510204538702956 2.5688501298427573 2.4939830452203742 2.773937501013279 4.1399749517440778 4.36786340177059 1.284425877034663 5.6161037012934685 1.3700866103172291 3.3519494235515586 2.6329890489578238 4.9245789647102356 4.7847569435834867 4.3346828669309678 5.5409331023693076 3.4635674655437461 3.6337898820638665 3.9596446901559856 4.0113939493894577 16.407606542110443 7.427608057856558 10.33976337313652 132.36847312748432 7.390489861369133 5.3139262348413467 6.9254016131162643 3.9707734137773514
leaf_count=20 101 370 20 60 21 33 30 24 25 12 33 17 20 38 29 28 25 32 20 21 23 23 95 43 60 2080 43 31 40 23
internal_value=-0.00507792 0.0760158 -0.0876286 0.114888 0.0953043 -0.105472 -0.0521157 0.121021 0.100895 -0.104241 0.132265 -0.107554 0.12622 -0.107456 0.127988 0.128464 0.128509 0.128293 0.12867 0.128363 0.128493 0.128888 0.128592 0.128559 0.128484 -0.107334 0.128365 0.12808 0.128618 0.128454
internal_weight=306.768 154.75 152.018 127.298 52.1177 140.311 5.26792 46.3667 12.5528 27.4515 9.98397 135.043 11.7076 26.1671 8.35563 75.1805 59.5408 15.6396 28.2173 31.3236 33.8139 7.47496 20.7423 22.2834 13.9736 133.673 11.5305 10.0987 14.353 7.93042
internal_count=3440 1191 2249 771 335 2180 63 275 79 420 58 2117 69 408 49 436 345 91 163 182 196 43 120 129 81 2100 67 59 83 46
is_linear=0
shrinkage=0.1


Tree=13
num_leaves=31
num_cat=0
split_feature=0 0 7 7 0 7 8 3 3 3 3 5 5 8 5 5 3 5 5 3 3 5 3 3 3 3 3 5 3 3
split_gain=181.666 135.089 55.8313 0.586643 0.797599 0.129818 0.0790479 0.00185421 0.00139427 0.000920425 0.00274221 0.000184842 0.000182786 0.000168238 0.000146088 0.000277701 0.000136556 0.000107837 9.53317e-05 0.00011251 9.68456e-05 7.56566e-05 6.10471e-05 9.98531e-05 8.66999e-05 5.32634e-05 3.90872e-05 4.22598e-05 6.44954e-05 3.68179e-05
threshold=19.500000000000004 29.500000000000004 3638.0000000000005 358.00000000000006 21.500000000000004 15716.500000000002 84.500000000000014 74.000000000000014 57443.500000000007 95.000000000000014 5045.5000000000009 0.0011430978775023501 1.3947486877441408e-05 717.79545454545462 0.044107556343078606 1.3947486877441408e-05 10004.500000000002 1.2516975402832033e-05 1.1086463928222658e-05 2802.5000000000005 4599.5000000000009 1.2516975402832033e-05 2033.0000000000002 74.000000000000014 171.00000000000003 1309.5000000000002 95.000000000000014 1.1086463928222658e-05 2033.0000000000002 616.50000000000011
decision_type=2 2 2 2 2 2 2 2 2 2 2 2 2 2 2 2 2 2 2 2 2 2 2 2 2 2 2 2 2 2
left_child=8 2 3 6 -5 -4 7 -2 14 11 25 -9 21 -7 15 17 -12 18 19 -1 -21 26 23 -20 -25 -11 -3 -28 -29 -26
right_child=1 12 5 4 -6 13 -8 9 -10 10 16 -13 -14 -15 -16 -17 -18 -19 22 20 -22 -23 -24 24 29 -27 27 28 -30 -31
leaf_value=0.12480943195704451 -0.10938257027376226 0.12481868858043105 0.14769570077980507 -0.10895911952545488 -0.027098044961304642 0.12487034110494169 -0.13199529067584703 -0.10658698158677263 0.12714546135190635 -0.10934480070604864 -0.1074508127927639 -0.10780253865595341 0.1256335202223593 0.12387194998507517 0.12448258465408711 0.12576761858828028 -0.10660323544364539 0.12470417639543557 0.1248341276732135 0.12556252994197067 0.12492303964838447 0.124605998867915 0.12496118473950475 0.12577165597243464 0.1249921797179854 -0.10875795362654801 0.12496297240841399 0.1254543077930807 0.12498654238802186 0.12538773336932202
leaf_weight=19.587037444114689 2.650825571268796 4.7768692076206269 3.696807458996771 2.5973591618239871 2.1969848647713661 3.5006103664636612 1.251491144299506 122.55220701918006 3.2837060838937751 3.4334337078034904 2.1175778061151531 1.2638777643442143 5.654122754931449 3.2592295408248901 4.4238007813692084 5.3484123498201361 18.574142891913652 9.3721605837345106 3.6630541682243409 4.5398520827293378 4.9505812972784042 3.9616211652755728 7.1914079934358588 4.7236078828573218 3.5185574740171415 2.8143333531916142 8.3111571818590182 6.9525327831506711 5.1170931309461594 7.1044558882713318
leaf_count=123 35 30 21 36 18 22 12 2114 20 46 34 19 35 21 28 33 320 59 23 28 31 25 45 29 22 40 52 43 32 44
internal_value=-0.00504519 -0.0544651 -0.0912175 -0.105897 -0.0714467 0.132629 -0.106965 -0.106761 0.125129 -0.106715 -0.107244 -0.106599 0.125113 0.124389 0.12504 0.125075 -0.10669 0.125018 0.125071 0.124946 0.125229 0.125012 0.125209 0.125303 0.125415 -0.10908 0.125076 0.125137 0.125256 0.125257
internal_weight=282.389 204.682 169.909 159.452 4.79434 10.4566 154.658 153.406 77.7066 150.756 26.9395 123.816 34.7734 6.75984 74.4229 69.9991 20.6917 64.6507 55.2786 29.0775 9.49043 29.1193 26.2011 19.0097 15.3466 6.24777 25.1577 20.3808 12.0696 10.623
internal_count=3440 2955 2738 2674 54 64 2620 2608 485 2573 440 2133 217 43 465 437 354 404 345 182 59 182 163 118 95 86 157 127 75 66
is_linear=0
shrinkage=0.1


Tree=14
num_leaves=31
num_cat=0
split_feature=2 2 7 3 5 3 7 2 5 5 3 5 5 5 3 3 5 3 5 5 3 3 5 3 5 3 5 2 3 7
split_gain=162.519 84.6903 46.2992 1.72487 7.48746 1.67241 1.62985 0.555962 0.139406 0.0569163 0.120931 0.0337877 0.0347548 0.0532811 0.0340184 0.041789 0.02994 0.0631738 0.0450286 0.0343598 0.0389487 0.0331883 0.0198341 0.0251893 0.0241702 0.0233028 0.0219145 0.0178428 0.0120806 0.0107482
threshold=51137.000000000007 60944.500000000007 2455.0000000000005 74.000000000000014 3.6478042602539069e-05 1869.5000000000002 777.00000000000011 57449.500000000007 1.9907951354980472e-05 1.1563301086425783e-05 24.500000000000004 7.5101852416992196e-06 9.8943710327148454e-06 1.0490417480468752e-05 1781.0000000000002 2564.0000000000005 1.1086463928222658e-05 171.00000000000003 1.2040138244628908e-05 1.2516975402832033e-05 616.50000000000011 499.50000000000006 1.2040138244628908e-05 3638.5000000000005 1.2993812561035158e-05 9955.5000000000018 1.1563301086425783e-05 52812.000000000007 57409.500000000007 15716.500000000002
decision_type=2 2 2 2 2 2 2 2 2 2 2 2 2 2 2 2 2 2 2 2 2 2 2 2 2 2 2 2 2 2
left_child=2 3 5 4 9 -1 -7 8 11 -2 -11 -5 -13 -14 16 -16 21 18 -18 20 -19 -15 23 -17 -24 26 -25 -22 -4 -10
right_child=1 -3 28 7 -6 6 -8 -9 29 10 -12 12 13 14 15 22 17 19 -20 -21 27 -23 24 25 -26 -27 -28 -29 -30 -31
leaf_value=-0.10593700569789584 0.099138689371409822 -0.10613612094454372 0.11440552836087695 0.10144745464818124 -0.084956149676150547 0.023401563937421151 -0.10848096515740853 0.15634886681084637 0.12915152578972949 0.1216229766213916 0.095993216554454808 0.12200681467632385 0.098196815895927936 0.10892706573185534 0.12199004854036366 0.11586481207020899 0.12261300737812685 0.095417704288530275 0.10867110121710716 0.11069454671372835 0.10223198871897005 0.11882429642071746 0.12194844042614075 0.11008092960790559 0.11004314895398988 0.11567608428517212 0.10016043547346226 0.11175220751866657 0.12196563462524529 0.12163464998245072
leaf_weight=112.8667929880321 6.4405404478311556 22.121891133487225 3.0175641775131208 3.5879826098680487 2.3964963816106311 2.0067012421786781 1.7580088749527929 2.9355910420417777 3.457996040582656 4.8232690691947937 2.9774004593491554 2.9565001875162116 3.1380847841501227 7.1988717317581159 5.466094225645068 5.9469936043024125 4.0599169433116931 5.5316098257899311 5.3947952017188072 6.5507820546627036 4.5830835849046689 6.4004648625850677 3.9833370000123969 4.6759805232286435 2.9818481653928757 2.8988985270261756 4.2511117607355118 3.4510417804121971 7.0560957342386246 4.228071466088295
leaf_count=2135 47 413 21 26 24 19 26 19 22 33 21 20 23 51 37 41 27 41 38 46 33 44 27 33 21 20 31 24 48 29
internal_value=-0.00502064 0.0724383 -0.0859846 0.108248 0.078577 -0.10375 -0.0381837 0.113518 0.112132 0.106096 0.11184 0.11094 0.111368 0.110957 0.111503 0.114077 0.109702 0.107916 0.114658 0.104747 0.101875 0.113585 0.112329 0.110556 0.116852 0.107886 0.105357 0.106321 0.119701 0.125017
internal_weight=259.144 132.439 126.705 110.317 16.6377 116.632 3.76471 93.6791 90.7435 14.2412 7.80067 83.0574 79.4694 76.5129 73.3748 30.2043 43.1706 29.5712 9.45471 20.1165 13.5657 13.5993 24.7382 17.773 6.96519 11.826 8.92709 8.03413 10.0737 7.68607
internal_count=3440 1191 2249 778 125 2180 45 653 634 101 54 583 557 537 514 210 304 209 65 144 98 95 173 125 48 84 64 57 69 51
is_linear=0
shrinkage=0.1


Tree=15
num_leaves=31
num_cat=0
split_feature=2 2 7 4 8 3 5 5 3 8 2 3 5 3 3 3 3 3 5 5 3 3 3 3 2 3 2 2 5 5
split_gain=148.887 73.1966 40.4346 4.21812 2.30017 2.17974 0.60684 0.271732 0.0967854 0.0587389 0.0574072 0.055414 0.0692031 0.0734882 0.0485091 0.0433111 0.0611136 0.0302039 0.0384689 0.0483745 0.0430393 0.0359365 0.0240556 0.0190496 0.0641118 0.0204394 0.0414015 0.0174782 0.0106609 0.00117348
threshold=51137.000000000007 62534.500000000007 7653.0000000000009 1.0000000180025095e-35 90.358974358974379 57279.000000000007 0.13252139091491696 1.2516975402832033e-05 8684.5000000000018 140.0816686251469 52812.000000000007 21.500000000000004 1.2040138244628908e-05 1026.0000000000002 1781.0000000000002 331.00000000000006 41.500000000000007 570.50000000000011 1.0490417480468752e-05 8.9406967163085954e-06 4435.5000000000009 3490.0000000000005 137.00000000000003 1309.5000000000002 52812.000000000007 2033.0000000000002 52812.000000000007 52812.000000000007 1.1086463928222658e-05 0.47824513912200933
decision_type=2 2 2 2 2 2 2 2 2 2 2 2 2 2 2 2 2 2 2 2 2 2 2 2 2 2 2 2 2 2
left_child=2 3 5 7 -5 6 9 8 11 -1 14 -2 15 -14 22 16 -13 -17 19 -19 21 23 -9 24 -20 27 -27 -25 -18 -12
right_child=1 -3 -4 4 -6 -7 -8 10 -10 -11 29 12 13 -15 -16 17 28 18 20 -21 -22 -23 -24 25 -26 26 -28 -29 -30 -31
leaf_value=-0.10533296908063704 0.092107515378499635 -0.10543460150088915 0.11912214070952075 0.07502261393517845 -0.077234295064498429 0.00023841848699454927 -0.026099732644699555 0.11294122002151241 0.091423244000167381 -0.12922235777276239 0.11934301193397608 0.10267953148487506 0.090832957558155875 0.10756801819820866 0.11943786186188209 0.098615233911084524 0.11370950528234119 0.10782325474991512 0.11989424447048265 0.089837293589567671 0.10024236946265022 0.11997898453141626 0.10112773909590572 0.10690208065898035 0.10202135724280906 0.10326305191205275 0.1194946493401674 0.095853755916658706 0.12001132737341602 0.12112532812778042
leaf_weight=102.25989525392652 2.8368212878704062 19.752117361873388 8.8936015963554365 2.1007368229329582 1.880331218242645 2.0124648399651042 0.96980753540992637 2.8511564731597918 5.026960350573062 1.0397028662264336 12.057120040059091 4.7563263624906531 5.4204340279102308 5.0861784964799881 4.0855909734964371 4.8430320322513571 6.7787575647234899 3.3476899936795226 4.8420478850603192 2.7025840729475021 5.1240046843886367 3.3305391222238532 4.3589426353573799 3.2028241381049138 3.4278183728456497 3.7026629596948624 2.7300796508789062 2.5895944237709045 4.4446013569831848 5.3258030191063872
leaf_count=2128 22 408 66 26 15 22 9 21 39 13 89 36 42 38 30 37 50 25 35 21 39 24 33 24 26 28 20 20 32 38
internal_value=-0.00343085 0.0714158 -0.0857049 0.104107 0.00310889 -0.102845 -0.104834 0.108016 0.104821 -0.105573 0.116282 0.105794 0.10638 0.0989343 0.110732 0.107781 0.112179 0.106017 0.107041 0.0997891 0.108557 0.110345 0.105799 0.108779 0.112486 0.106272 0.110152 0.101963 0.116205 0.119889
internal_weight=241.78 126.605 115.175 106.853 3.98107 106.282 104.269 102.872 74.193 103.3 28.6786 69.166 66.3292 10.5066 11.2957 55.8226 15.9797 39.8429 34.9998 6.05027 28.9496 23.8256 7.2101 20.495 8.26987 12.2252 6.43274 5.79242 11.2234 17.3829
internal_count=3456 1218 2238 810 41 2172 2150 769 558 2141 211 519 497 80 84 417 118 299 262 46 216 177 54 153 61 92 48 44 82 127
is_linear=0
shrinkage=0.1


Tree=16
num_leaves=31
num_cat=0
split_feature=0 0 7 5 1 5 5 8 1 3 3 3 3 3 5 3 5 3 3 5 5 5 3 5 5 3 3 5 3 5
split_gain=130.466 95.4514 39.0193 3.30949 1.5077 1.89725 0.169997 0.0335953 0.0128322 0.00399655 0.0079501 0.00331215 0.000835583 0.000609826 0.000215074 0.000405537 0.000160264 0.000152278 0.000186737 0.00013052 9.89527e-05 6.2292e-05 6.05014e-05 4.29455e-05 3.51007e-05 6.07226e-05 3.28285e-05 2.71514e-05 7.50364e-05 2.55214e-05
threshold=19.500000000000004 29.500000000000004 5939.5000000000009 0.42182505130767828 13.500000000000002 0.0076789855957031007 20.426895022392277 140.0816686251469 1.0000000180025095e-35 95.000000000000014 10004.500000000002 74.000000000000014 4599.5000000000009 57443.500000000007 0.033275485038757255 9955.5000000000018 3.6478042602539069e-05 2010.5000000000002 994.00000000000011 1.9907951354980472e-05 1.2516975402832033e-05 1.3947486877441408e-05 1721.5000000000002 3.6478042602539069e-05 1.2040138244628908e-05 23.500000000000004 1026.0000000000002 1.1086463928222658e-05 2802.5000000000005 9.4175338745117204e-06
decision_type=2 2 2 2 2 2 2 2 2 2 2 2 2 2 2 2 2 2 2 2 2 2 2 2 2 2 2 2 2 2
left_child=13 2 3 4 5 -2 8 9 -4 11 12 -6 17 14 15 20 -3 18 -11 29 24 22 -22 -13 25 -1 -26 28 -27 -12
right_child=1 16 6 -5 7 -7 -8 -9 -10 10 19 23 -14 -15 -16 -17 -18 -19 -20 -21 21 -23 -24 -25 26 27 -28 -29 -30 -31
leaf_value=0.11823369108948625 0.023248787041168728 0.11773890774486116 0.11669949280407316 0.071382796491872555 -0.11053987256365799 -0.10991830502153593 0.08999242439039315 -0.12088467935859132 0.12562968939300043 -0.10941299198407917 -0.10539358457209942 -0.1047986864655452 -0.1073322062632177 0.1193387042626172 0.11703870319107378 0.11892414256705822 0.11854748005760717 -0.10880710917380583 -0.11082128877053066 -0.10612014921025943 0.11755641601753067 0.11791542950140139 0.11700857959947573 -0.10546549444407194 0.11825074686201664 0.11754607707528725 0.1177868456456278 0.11786098087688338 0.11797666988934846 -0.10489106446582411
leaf_weight=2.8664696887135497 2.089689288288354 24.810699470341209 3.9041164889931679 1.0953374281525601 1.018346570432185 2.192254688590765 2.5469887033104897 1.3736033849418152 2.7372293323278409 2.2906440123915703 1.0976566523313493 92.029737241566181 2.1558228209614754 2.5979558974504462 3.7315242961049071 3.1558237746357909 2.7200453430414191 1.5045776255428789 1.5986611768603323 0.9887488968670376 6.2243291288614255 2.8301222547888747 2.9814916104078293 0.97610809281468291 3.5212442576885215 13.331505641341211 2.6914249807596207 13.753288939595221 5.81113277375698 12.749055564403532
leaf_count=22 20 194 32 13 13 29 19 20 20 34 24 2108 40 20 30 24 21 24 20 19 49 22 24 20 27 105 21 107 45 290
internal_value=-0.00343139 -0.0515938 -0.0868345 -0.101665 -0.103218 -0.0449296 0.111957 -0.105337 0.12038 -0.105154 -0.106355 -0.104868 -0.108996 0.117838 0.117774 0.117822 0.117819 -0.109661 -0.109992 -0.10501 0.117758 0.117505 0.117379 -0.104806 0.11783 0.117792 0.11805 0.117754 0.117677 -0.104931
internal_weight=223.376 159.879 132.349 123.16 122.065 4.28194 9.18833 117.783 6.64135 116.409 22.3852 94.0242 7.54971 63.4963 60.8984 57.1668 27.5307 5.39388 3.88931 14.8355 54.011 12.0359 9.20582 93.0058 41.9751 35.7624 6.21267 32.8959 19.1426 13.8467
internal_count=3456 2960 2745 2674 2661 49 71 2612 52 2592 451 2141 118 496 476 446 215 78 54 333 422 95 73 2128 327 279 48 257 150 314
is_linear=0
shrinkage=0.1


Tree=17
num_leaves=31
num_cat=0
split_feature=2 2 7 0 0 3 1 3 2 5 2 8 3 5 6 5 5 3 5 5 3 3 5 3 5 3 3 5 2 5
split_gain=118.3 57.0064 32.4877 3.69274 20.7648 7.34453 7.88087 1.9589 1.51536 0.702222 0.0400041 0.00835503 0.000290203 0.000243504 0.000236311 8.3143e-05 5.01501e-05 4.67946e-05 4.18585e-05 2.15498e-05 3.90617e-05 2.47165e-05 5.44635e-05 2.30271e-05 1.65375e-05 2.25373e-05 1.8697e-05 1.06572e-05 8.78013e-06 3.17248e-05
threshold=51137.000000000007 62534.500000000007 7653.0000000000009 20.500000000000004 21.500000000000004 74.000000000000014 13.500000000000002 57279.000000000007 57449.500000000007 2.886079072952271 3405.0000000000005 361.72549019607851 129.00000000000003 5.5823194980621347 3.5000000000000004 1.2516975402832033e-05 1.3947486877441408e-05 1721.5000000000002 1.2516975402832033e-05 1.2040138244628908e-05 23.500000000000004 2802.5000000000005 1.1086463928222658e-05 1026.0000000000002 1.1086463928222658e-05 3144.5000000000005 1952.0000000000002 1.0490417480468752e-05 52812.000000000007 1.1086463928222658e-05
decision_type=2 2 2 2 2 2 2 2 2 2 2 2 2 2 2 2 2 2 2 2 2 2 2 2 2 2 2 2 2 2
left_child=2 3 7 15 -5 6 -6 9 11 10 14 13 -3 18 -1 19 17 -17 24 20 -2 22 27 -21 25 -7 -26 -22 -23 -30
right_child=1 12 -4 4 5 8 -8 -9 -10 -11 -12 -13 -14 -15 -16 16 -18 -19 -20 23 21 28 -24 -25 26 -27 -28 -29 29 -31
leaf_value=-0.10431619227152725 0.11620112726364507 -0.10609413973951996 0.1150844312041385 -0.11064742750378567 -0.11180292062578777 0.11557176621485635 0.11592572665019481 -0.00034495975400963678 0.19093911810635827 -0.0097916437605984619 -0.12667980636178025 0.12173852835149086 -0.10430556917682124 0.1167468617419577 -0.10572648180038845 0.11560930666410579 0.115931253129538 0.11512593463526628 0.11546055146849793 0.11621581850735144 0.11575803270873973 0.11601699319330044 0.11592548371783998 0.11581067544162282 0.11603179549171246 0.11594735057106501 0.11573594291641671 0.11554517933608599 0.1160354981378776 0.11558042913520482
leaf_weight=83.568573627620935 2.6367181465029708 0.96413296461105602 7.5165292397141448 5.2148737981915465 3.0038064494729042 4.8957592472434177 3.075575314462184 1.8742469809949387 3.0558668076992026 0.78931379318237205 0.8089548796415319 2.6867555454373351 15.354720864444969 2.6571374386548987 1.2052772864699353 5.7219728603959066 2.7219316437840453 3.0812640190124512 4.5172612071037284 3.2390663102269164 3.1745602712035188 5.1153114810585958 8.8856006041169149 2.4747156947851181 4.7605865672230703 2.3716215193271637 3.8746726810932159 9.0808612480759621 3.5723886117339134 2.6821198835968971
leaf_count=2107 22 20 66 60 36 42 26 22 25 6 12 22 388 22 25 49 23 27 39 27 27 43 75 21 40 20 33 78 30 23
internal_value=-0.00342658 0.0679088 -0.0844879 0.0983094 0.0754763 0.103288 0.0034056 -0.101487 0.124358 -0.103682 -0.104547 0.116461 -0.104411 0.115846 -0.104336 0.115793 0.115556 0.11544 0.115729 0.11586 0.115831 0.115801 0.115737 0.11604 0.115805 0.115694 0.115899 0.1156 0.11592 0.11584
internal_weight=204.582 108.819 95.7629 92.5004 40.1139 34.899 6.07938 88.2464 28.8197 86.3721 85.5828 25.7638 16.3189 23.077 84.7739 52.3865 11.5252 8.80324 20.4199 40.8613 35.1476 32.5108 21.141 5.71378 15.9026 7.26738 8.63526 12.2554 11.3698 6.25451
internal_count=3456 1218 2238 810 365 305 62 2172 243 2150 2144 218 408 196 2132 445 99 76 174 346 298 276 180 48 135 62 73 105 96 53
is_linear=0
shrinkage=0.1


Tree=18
num_leaves=31
num_cat=0
split_feature=0 0 6 1 1 9 5 3 3 3 7 3 3 4 5 9 3 3 5 8 3 5 5 3 3 5 3 5 5 5
split_gain=103.968 76.5663 30.8101 6.19376 1.43663 2.041 0.0666219 0.0022991 0.00404689 0.00178893 0.00109884 0.000951401 0.000422985 0.000372472 0.000249757 0.00018283 9.34837e-05 9.583e-05 9.32319e-05 8.72888e-05 5.17293e-05 2.26869e-05 1.52216e-05 2.76087e-05 1.74339e-05 3.84313e-05 1.6252e-05 1.4154e-05 1.0939e-05 7.52185e-06
threshold=19.500000000000004 29.500000000000004 39.500000000000007 31.500000000000004 13.500000000000002 0.0021839737892150506 0.14634299278259275 95.000000000000014 5045.5000000000009 74.000000000000014 15716.500000000002 57445.500000000007 10004.500000000002 1.0000000180025095e-35 3.6478042602539069e-05 0.0063227218929648504 2010.5000000000002 994.00000000000011 1.2516975402832033e-05 717.79545454545462 1721.5000000000002 3.6478042602539069e-05 1.2040138244628908e-05 23.500000000000004 2802.5000000000005 1.1086463928222658e-05 1026.0000000000002 9.4175338745117204e-06 1.2516975402832033e-05 1.0490417480468752e-05
decision_type=2 2 2 2 2 2 2 2 2 2 2 2 2 2 2 2 2 2 2 2 2 2 2 2 2 2 2 2 2 2
left_child=11 2 3 4 5 -2 7 9 16 -6 -4 15 -10 27 28 18 17 -9 22 -12 -20 -11 23 -1 25 29 -24 -14 -3 -25
right_child=1 14 10 -5 6 -7 -8 8 12 21 19 -13 13 -15 -16 -17 -18 -19 20 -21 -22 -23 26 24 -26 -27 -28 -29 -30 -31
leaf_value=0.11442436369077708 0.030383491584971112 0.11408039643829271 0.11560259212091271 0.15325917511126788 -0.10836171757916345 -0.10850712169489329 -0.13506860768895121 -0.10758521126269521 -0.10586933927545239 -0.10389303509742372 0.1135093780328031 0.11630113670163683 -0.10437597359412186 -0.10587414871402284 0.11513854179517956 0.11500652466931341 -0.10706216664424087 -0.10869052785045792 0.11398800480810917 0.11263898967138211 0.11357004103260991 -0.104426306774117 0.11443708650715277 0.11403562219285079 0.11417745167202281 0.11418243144140899 0.11408184472925438 -0.10396486082756147 0.11389583284935059 0.11384895941438088
leaf_weight=2.4209405034780493 1.9462425708770741 16.976640850305564 2.5744705721735945 0.96003139764070411 0.90873052552342315 2.3183393105864525 0.70394421741366286 1.9052518382668524 1.6380901299417008 75.966832563281059 2.0853552371263504 2.014689937233924 0.9069999270141097 1.1599582359194762 2.3222756534814826 2.0712293535470954 1.3994224444031713 1.3332942500710485 6.7777546197175962 2.574919693171978 5.2585551291704178 0.80623893067240615 2.9740380793809882 2.9136142730712935 10.436752803623675 8.1564421430230123 2.2714027389883995 10.920794948935507 3.9605069682002059 8.3328238055109978
leaf_count=22 19 157 23 7 14 35 7 34 37 2108 20 18 24 23 21 19 27 20 63 26 50 20 27 27 96 75 21 301 37 78
internal_value=-0.00341841 -0.0507012 -0.0855253 -0.0995533 -0.101935 -0.0451211 -0.104416 -0.104193 -0.105171 -0.103951 0.113944 0.114169 -0.104355 -0.104164 0.114155 0.114086 -0.107745 -0.10804 0.114048 0.113028 0.113805 -0.103899 0.114125 0.1141 0.114073 0.114017 0.114283 -0.103996 0.114045 0.113897
internal_weight=186.997 133.368 110.109 102.874 101.914 4.26458 97.6496 96.9456 19.2638 77.6818 7.23475 53.6282 14.6258 12.9878 23.2594 51.6136 4.63797 3.23855 49.5423 4.66027 12.0363 76.7731 37.506 32.2606 29.8396 19.4029 5.24544 11.8278 20.9371 11.2464
internal_count=3456 2960 2745 2676 2669 54 2615 2608 466 2142 69 496 385 348 215 478 81 54 459 46 113 2128 346 298 276 180 48 325 194 105
is_linear=0
shrinkage=0.1


Tree=19
num_leaves=31
num_cat=0
split_feature=2 2 7 4 3 1 5 3 5 2 3 5 3 3 3 3 9 3 5 5 3 3 5 3 2 3 2 2 5 3
split_gain=95.1789 45.4975 26.1623 2.69895 1.79209 0.85143 0.221649 0.0774311 0.0537836 0.0474844 0.043607 0.0558848 0.0571624 0.042152 0.0352345 0.0505833 0.0315016 0.0243504 0.0309781 0.0373329 0.0357124 0.0297295 0.021176 0.0154728 0.0533605 0.0165418 0.0353252 0.0135381 0.00894073 0.000666771
threshold=51137.000000000007 62534.500000000007 7653.0000000000009 1.0000000180025095e-35 57279.000000000007 31.500000000000004 1.2516975402832033e-05 8684.5000000000018 0.13252139091491696 52812.000000000007 21.500000000000004 1.2040138244628908e-05 1026.0000000000002 1781.0000000000002 331.00000000000006 41.500000000000007 0.0043378671010335006 570.50000000000011 1.0490417480468752e-05 8.9406967163085954e-06 4435.5000000000009 3490.0000000000005 1.3470649719238283e-05 1309.5000000000002 52812.000000000007 2033.0000000000002 52812.000000000007 52812.000000000007 1.1086463928222658e-05 112.00000000000001
decision_type=2 2 2 2 2 2 2 2 2 2 2 2 2 2 2 2 2 2 2 2 2 2 2 2 2 2 2 2 2 2
left_child=2 3 4 6 5 8 7 10 -1 13 -2 14 -13 22 15 -12 -5 -16 19 -19 21 23 -8 24 -20 27 -27 -25 29 -17
right_child=1 -3 -4 16 -6 -7 9 -9 -10 -11 11 12 -14 -15 17 28 -18 18 20 -21 -22 -23 -24 25 -26 26 -28 -29 -30 -31
leaf_value=-0.10352285213347744 0.083134761839959603 -0.10359123007728832 0.1119835893599611 0.018951244606220791 0.00048214799120031371 0.0084445109189899697 0.10224794291678668 0.08229738120311271 -0.13236324167045763 0.11238362413696304 0.093945078138257601 0.081804158125939885 0.099054840608901462 0.11219791851387143 0.089738817794901934 0.10432102006490118 5.5265810232602314e-06 0.099326976588564458 0.11246589266376905 0.080877107440950877 0.091347268564971537 0.1125132802064661 0.089205490715467184 0.098403409490412472 0.0932803235221355 0.0945277734539888 0.11221991562174344 0.087024495795729337 0.11253362511781875 0.10669502722983
leaf_weight=70.12499986961484 2.0953188613057128 13.46260194852948 6.3066155612468711 2.1069394014775749 1.7232825085520733 0.68245306611060996 3.203746825456621 3.7162364050745955 0.65263594314455886 12.282265454530714 3.4670568183064452 4.012473762035369 3.6849378570914268 2.905249685049057 3.5491564273834255 2.0265014395117742 1.5041822902858255 2.4250353425741222 3.447967551648623 2.0022993236780167 3.7492184713482848 2.3719673827290526 2.0359970703721046 2.3218762278556806 2.5013519525527954 2.6975114047527313 1.9403397515416143 1.9021424576640127 3.1658735498785973 2.8425852507352829
leaf_count=2138 22 408 66 21 22 5 33 39 7 127 36 42 38 30 37 21 20 25 35 21 39 24 21 24 26 28 20 20 32 29
internal_value=-0.00341582 0.0661697 -0.0834457 0.0954858 -0.100287 -0.102717 0.0995864 0.0962257 -0.103789 0.108457 0.0972567 0.0978718 0.0900625 0.102537 0.0993593 0.104041 0.0110596 0.0974968 0.0985825 0.0909829 0.10019 0.102119 0.0971801 0.100455 0.104399 0.0978065 0.10193 0.0932793 0.108397 0.105707
internal_weight=170.911 91.4208 79.49 77.9582 73.1834 71.4601 74.3471 53.9199 70.7776 20.4273 50.2036 48.1083 7.69741 8.14499 40.4109 11.502 3.61112 28.9089 25.3597 4.42733 20.9324 17.1832 5.23974 14.8112 5.94932 8.86187 4.63785 4.22402 8.03496 4.86909
internal_count=3456 1218 2238 810 2172 2150 769 558 2145 211 519 497 80 84 417 118 41 299 262 46 216 177 54 153 61 92 48 44 82 50
is_linear=0
shrinkage=0.1


Tree=20
num_leaves=31
num_cat=0
split_feature=0 0 6 1 9 1 8 5 1 2 2 3 5 9 5 3 5 3 5 5 3 3 3 5 5 5 3 5 3 3
split_gain=89.3781 64.606 25.1499 5.44353 0.782963 0.206031 0.17594 0.409694 0.0424901 0.00528853 0.0140049 0.000908185 0.000227591 0.000158251 0.000100559 0.000162636 8.61922e-05 5.07093e-05 4.54693e-05 2.3943e-05 2.92312e-05 2.87085e-05 2.54517e-05 1.67296e-05 1.47639e-05 1.33998e-05 1.02889e-05 9.19226e-06 1.90015e-05 1.234e-05
threshold=19.500000000000004 29.500000000000004 30.000000000000004 31.500000000000004 0.44961396853129071 13.500000000000002 89.500000000000014 0.0076789855957031007 1.0000000180025095e-35 19597.000000000004 62534.500000000007 57445.500000000007 1.3947486877441408e-05 0.0063227218929648504 0.10571992397308345 7428.5000000000009 1.2516975402832033e-05 1721.5000000000002 0.0042699575424194015 1.2040138244628908e-05 1026.0000000000002 5954.5000000000009 23.500000000000004 1.2516975402832033e-05 1.3947486877441408e-05 1.0490417480468752e-05 41.500000000000007 1.1086463928222658e-05 2033.0000000000002 227.50000000000003
decision_type=2 2 2 2 2 2 2 2 2 2 2 2 2 2 2 2 2 2 2 2 2 2 2 2 2 2 2 2 2 2
left_child=11 2 3 4 6 8 9 -8 -4 18 12 13 -11 16 15 23 19 24 -2 21 -21 22 -1 26 -18 -24 -3 -27 29 -29
right_child=1 14 5 -5 -6 -7 7 -9 -10 10 -12 -13 -14 -15 -16 -17 17 -19 -20 20 -22 -23 25 -25 -26 27 -28 28 -30 -31
leaf_value=0.11171593784316053 -0.10315945222573016 0.11158992328586972 0.11020059656031547 0.1289043721018126 -0.21416487911201965 0.079129939533618687 -0.030730725283361418 -0.1069828366232356 0.1301008505941427 -0.10937539674050281 -0.10315870027421013 0.11375947537143634 -0.10793753840895402 0.11235141657243164 0.11070570503911917 0.11232450484510702 0.11119691433690766 0.110840838423911 -0.10400420200542654 0.11189450542028866 0.11139197952715998 0.11168296809565439 0.11153196332742144 0.11112098435116619 0.1115307447311002 0.1112569927139643 0.11135470206623217 0.11126438905314873 0.11118423710729824 0.11156160161116516
leaf_weight=2.1559643745422425 62.612361580133438 2.2312738895416357 2.4984984770417209 1.0194270014762867 0.6351642869412889 1.8747839853167523 1.1110314019024365 1.926274115219712 1.8804445415735247 4.6110960729420212 12.311069695279 1.7194469794630993 1.4460686109960077 1.7508021742105473 2.009045533835887 1.9082668349146832 4.1647662147879583 3.8809155896306038 0.64373145997524162 2.5629065409302703 2.1109054014086723 3.7454548478126517 3.7060438320040729 2.6989618465304366 1.9427984729409216 10.000730589032173 11.163164287805555 1.9099627956748007 3.0744200348854065 5.2009580135345459
leaf_count=23 2109 24 30 7 5 19 13 35 19 59 415 18 23 19 23 20 46 44 18 27 23 40 40 30 21 110 122 21 34 56
internal_value=-0.00286787 -0.051556 -0.0867769 -0.100807 -0.103552 0.10687 -0.102722 -0.0790902 0.118746 -0.103602 -0.105096 0.111503 -0.109032 0.111419 0.111377 0.111452 0.111382 0.111123 -0.103168 0.111457 0.111668 0.111424 0.111387 0.111348 0.111303 0.111357 0.111394 0.111325 0.111392 0.111482
internal_weight=160.507 112.581 92.57 86.3162 85.2968 6.25373 84.6616 3.03731 4.37894 81.6243 18.3682 47.9261 6.05716 46.2066 20.0107 18.0017 44.4558 9.98848 63.2561 34.4673 4.67381 29.7935 26.0481 16.0934 6.10756 23.8921 13.3944 20.1861 10.1853 7.11092
internal_count=3493 2971 2752 2684 2677 68 2672 48 49 2624 497 522 82 504 219 196 485 111 2127 374 50 324 284 176 67 261 146 221 111 77
is_linear=0
shrinkage=0.1


Tree=21
num_leaves=31
num_cat=0
split_feature=0 0 6 5 9 6 3 8 3 2 2 8 3 9 5 3 5 5 3 5 3 3 3 5 5 5 3 5 3 3
split_gain=80.0483 57.9328 22.5507 2.0583 0.189413 0.16893 0.528838 0.0805088 0.0047701 0.00250768 0.00899117 0.00197428 0.00068359 0.000121465 7.22367e-05 0.000118973 6.16291e-05 4.30599e-05 3.63109e-05 1.71209e-05 2.08977e-05 2.0516e-05 1.82262e-05 1.19601e-05 1.05927e-05 9.58849e-06 7.36285e-06 6.57586e-06 1.35818e-05 8.8192e-06
threshold=19.500000000000004 29.500000000000004 30.000000000000004 0.15968751907348633 0.0071215391159057005 3.5000000000000004 118.00000000000001 140.0816686251469 74.000000000000014 52695.000000000007 65054.500000000007 90.358974358974379 57445.500000000007 0.0063227218929648504 0.10571992397308345 7428.5000000000009 1.2516975402832033e-05 2.443790435791016e-05 1721.5000000000002 1.2040138244628908e-05 1026.0000000000002 5954.5000000000009 23.500000000000004 1.2516975402832033e-05 1.3947486877441408e-05 1.0490417480468752e-05 41.500000000000007 1.1086463928222658e-05 2033.0000000000002 227.50000000000003
decision_type=2 2 2 2 2 2 2 2 2 2 2 2 2 2 2 2 2 2 2 2 2 2 2 2 2 2 2 2 2 2
left_child=12 2 3 5 -4 7 11 8 -2 17 -11 -7 13 16 15 23 19 -10 24 21 -21 22 -1 26 -18 -24 -3 -27 29 -29
right_child=1 14 4 -5 -6 6 -8 -9 9 10 -12 -13 -14 -15 -16 -17 18 -19 -20 20 -22 -23 25 -25 -26 27 -28 28 -30 -31
leaf_value=0.11047791843395274 -0.10971962043778061 0.11036644617389429 0.083244320573951369 0.009822208335990219 0.1198886827133511 -0.10465670737599563 -0.024381734675852307 -0.13962654235330837 -0.10284930692185097 -0.10845405090087896 -0.10284037494688272 -0.11035152345812922 0.1123383604938239 0.11107043303013303 0.10958377857126145 0.11102566986937035 0.11001862299517982 -0.10374737777521713 0.10970352827419648 0.11063555832165005 0.11019121273399482 0.11044848390555867 0.11031506212835025 0.10995166552323282 0.11031435861456343 0.11007180122762901 0.11015834921946768 0.11007837838672899 0.11000749729354249 0.11034117151095933
leaf_weight=1.9715365320444203 1.1254413463175286 2.0401732549071374 2.4387988373637191 1.6660778000950802 3.345658615231514 1.4387983605265615 1.121295131742954 0.61388584412634273 56.376904366537929 3.8779874593019477 10.796016411855815 1.055242847651243 1.5744919329881657 1.6015250608324993 1.8355169594287861 1.7458343282341946 3.8067263737320882 0.5389949157834043 3.5461365580558777 2.3440484553575507 1.9297725334763525 3.424963764846324 3.3884612470865276 2.4667615666985503 1.7763062566518781 9.1414736509323138 10.204921163618563 1.7458710372447948 2.8100816160440445 4.7554025799036026
leaf_count=23 19 24 30 16 38 38 23 8 2093 54 402 14 18 19 23 20 46 17 44 27 23 40 40 30 21 110 122 21 34 56
internal_value=-0.00286669 -0.0511514 -0.0861208 -0.100143 0.104439 -0.102524 -0.0814217 -0.103564 -0.10326 -0.103158 -0.104324 -0.107066 0.110292 0.110216 0.110179 0.110245 0.110183 -0.102858 0.109954 0.110249 0.110435 0.11022 0.110187 0.110153 0.110113 0.11016 0.110193 0.110132 0.110191 0.110271
internal_weight=146.505 102.688 84.3951 78.6106 5.78446 76.9446 3.61534 73.3292 72.7153 71.5899 14.674 2.49404 43.8168 42.2423 18.2932 16.4577 40.6408 56.9159 9.12917 31.5116 4.27382 27.2378 23.8128 14.7119 5.58303 21.8413 12.2451 18.4528 9.31136 6.50127
internal_count=3493 2971 2752 2684 68 2668 75 2593 2585 2566 456 52 522 504 219 196 485 2110 111 374 50 324 284 176 67 261 146 221 111 77
is_linear=0
shrinkage=0.1


Tree=22
num_leaves=31
num_cat=0
split_feature=3 3 3 7 5 9 7 3 6 3 3 3 3 5 8 3 3 5 3 5 3 3 5 5 5 3 4 3 3 3
split_gain=62.4921 21.5504 11.0515 9.98055 1.5903 1.89906 0.937319 0.756421 1.62106 0.735053 3.35167 0.772473 1.81643 0.624713 0.496294 0.332572 0.555686 0.140965 0.131682 0.104191 0.0389482 0.0541615 0.0379864 0.054718 0.0381284 0.0331531 0.0305525 0.0303514 0.0287232 0.0261752
threshold=95.000000000000014 41.500000000000007 10004.500000000002 2455.0000000000005 35.656948447227485 0.055580158514843304 543.00000000000011 74.000000000000014 3.5000000000000004 27160.000000000004 27358.000000000004 50985.000000000007 51327.000000000007 7.9870223999023454e-06 89.500000000000014 58996.500000000007 57279.000000000007 1.4901161193847658e-05 8129.5000000000009 1.1563301086425783e-05 4435.5000000000009 5887.5000000000009 1.2516975402832033e-05 1.2040138244628908e-05 1.0490417480468752e-05 3490.0000000000005 1.0000000180025095e-35 22.500000000000004 444.00000000000006 570.50000000000011
decision_type=2 2 2 2 2 2 2 2 2 2 2 2 2 2 2 2 2 2 2 2 2 2 2 2 2 2 2 2 2 2
left_child=1 19 4 9 5 13 7 8 -3 -4 -11 -12 -13 -2 17 16 -14 18 20 27 22 -22 23 24 -15 -26 -9 -1 -24 -25
right_child=2 6 3 -5 -6 -7 -8 26 -10 10 11 12 15 14 -16 -17 -18 -19 -20 -21 21 -23 28 29 25 -27 -28 -29 -30 -31
leaf_value=0.068265914888898591 0.030827366873342522 0.04177280763326284 -0.10256899472323232 0.10878148078376033 -0.018792583429239458 0.19861941053971693 0.029624993306922743 -0.097521558064326122 -0.10722920431690706 0.099349714734144279 -0.10257814618872507 0.079937172528382672 -0.10270342734907441 0.076625103362256308 0.12590186686783331 -0.10393248280411962 0.015845262020115602 0.057545294896718405 0.061673249354836659 0.10094774847736331 0.065427954770828106 0.086405997579517099 0.1061920743953198 0.066547363537677706 0.08838315717518129 0.10072800017665794 -0.10257108122895203 0.087137210964466874 0.090711723264359417 0.082564012087237446
leaf_weight=1.8925998993217938 2.059742208570241 1.21118433214724 2.7105307038873461 5.2146828249096862 1.4306493178009976 1.5089985579252232 0.59568891674280067 34.612554207444191 1.8384505603462455 1.3988343775272358 3.6237822715193015 0.97803033888339985 0.76245588809251807 2.4734427072107854 3.0797087885439387 1.8150740005075929 0.82132904231548309 1.8732812404632557 2.1872917339205733 3.6915123369544744 1.9125082902610291 3.4523658156394958 1.7741332985460747 1.6990391090512265 20.498297294601802 2.4337612409144631 18.327058682218194 1.5504591185599563 3.6947133522480726 2.554326543584466
leaf_count=26 27 16 111 71 14 18 7 1388 35 18 148 13 30 36 39 57 14 27 37 51 31 50 24 23 290 33 750 21 51 37
internal_value=-0.00286065 -0.0745021 0.0623931 -0.00688377 0.0851967 0.0881023 -0.0951524 -0.0964799 -0.048052 -0.0566902 -0.0434601 -0.068429 -0.0401556 0.0847463 0.0870779 -0.0747127 -0.0412257 0.0843942 0.0855726 0.0892769 0.0868636 0.0789276 0.0880756 0.0866635 0.088421 0.0896933 -0.0992696 0.0767639 0.0957337 0.076166
internal_weight=133.676 63.7195 69.957 17.3247 52.6323 51.2016 56.5849 55.9892 3.04963 12.11 9.39951 8.00067 4.37689 49.6926 47.6329 3.39886 1.58378 44.5532 42.6799 7.13457 40.4926 5.36487 35.1277 29.6589 25.4055 22.9321 52.9396 3.44306 5.46885 4.25337
internal_count=3493 2294 1199 462 737 723 2196 2189 51 391 280 262 114 705 678 101 44 639 612 98 575 81 494 419 359 323 2138 47 75 60
is_linear=0
shrinkage=0.1


Tree=23
num_leaves=31
num_cat=0
split_feature=2 2 6 4 3 1 1 8 5 5 5 5 2 3 5 2 3 2 3 5 5 3 3 3 2 3 3 5 3 3
split_gain=62.899 30.1783 17.7227 1.96485 1.07944 0.711915 0.739541 0.256906 0.109059 0.0631988 0.0807811 0.0365719 0.133226 0.040428 0.0410779 0.0309461 0.0190794 0.0140488 0.0268813 0.0133279 0.0220948 0.0251074 0.025502 0.0314515 0.0453759 0.0245945 0.032939 0.0176346 0.0232613 0.0287003
threshold=51137.000000000007 62534.500000000007 30.000000000000004 1.0000000180025095e-35 51668.500000000007 31.500000000000004 14.500000000000002 90.358974358974379 1.5497207641601566e-05 1.2516975402832033e-05 1.3947486877441408e-05 1.2040138244628908e-05 52812.000000000007 21.500000000000004 7.5101852416992196e-06 57449.500000000007 1026.0000000000002 52812.000000000007 499.50000000000006 9.8943710327148454e-06 1.0490417480468752e-05 994.00000000000011 3858.5000000000005 4599.5000000000009 52812.000000000007 2802.5000000000005 1309.5000000000002 1.1563301086425783e-05 41.500000000000007 331.00000000000006
decision_type=2 2 2 2 2 2 2 2 2 2 2 2 2 2 2 2 2 2 2 2 2 2 2 2 2 2 2 2 2 2
left_child=2 3 4 7 5 6 -1 8 9 11 17 13 16 -2 -15 -9 -13 18 -11 -16 -21 27 25 -24 -25 26 -23 28 -22 -30
right_child=1 -3 -4 -5 -6 -7 -8 15 -10 10 -12 12 -14 14 19 -17 -18 -19 -20 20 21 22 23 24 -26 -27 -28 -29 29 -31
leaf_value=-0.10235548711685925 0.074537485189585959 -0.10249671518139121 0.10768741075325786 -0.0029757300756321466 -0.025531542626739942 -0.0042087399630325439 -0.22749871597441551 0.10842902913371702 0.062339416548562003 0.10814018646717893 0.080794447051055832 0.085735431160142594 0.062012414248473216 0.07560188702233428 0.099799330915615991 0.12610060554114091 0.099954824638674389 0.10802490101019702 0.090199334967058897 0.078796213618923028 0.080958097313402977 0.1023751074868417 0.075591377550635719 0.082505494742521585 0.10227993284592621 0.10377886406791029 0.088469374421003485 0.083805061826164678 0.099697731376610019 0.084524835913571295
leaf_weight=47.628960244357586 1.6785346716642369 9.7173978090286237 4.5074110031127921 2.3003593459725371 1.9129419028758992 0.73167841136455436 0.47695241123437782 3.0616800412535659 1.4566539376974095 1.6005481332540497 2.1010304503142834 1.9106939882040017 2.2489872202277184 1.7727339193224896 1.7198492735624302 1.4651903212070463 1.8644032031297681 3.2284790799021721 1.7464102506637571 1.4715828150510812 1.6708502247929589 2.6794441267848033 1.4070843458175648 2.2604452967643738 2.3845648318529129 3.4394290298223495 4.6763774305582047 5.605411171913147 3.5911779627203941 1.9095621630549429
leaf_count=2133 23 418 68 32 37 5 3 44 18 23 29 26 31 24 24 21 26 47 25 20 23 38 20 31 33 49 66 79 50 27
internal_value=-0.00284763 0.0608444 -0.0823433 0.0876327 -0.0992209 -0.102107 -0.103596 0.0912926 0.0893189 0.09009 0.0978643 0.088495 0.0812796 0.0896935 0.090429 0.114149 0.0927579 0.103319 0.0987788 0.09123 0.0907561 0.0913502 0.0938854 0.0886893 0.0926569 0.0967986 0.0935347 0.0880072 0.0912917 0.0944305
internal_weight=124.227 68.9689 55.2579 59.2515 50.7505 48.8376 48.1059 56.9511 52.4243 50.9676 8.67647 42.2911 6.02408 36.267 34.5885 4.52687 3.7751 6.57544 3.34696 32.8158 31.0959 29.6243 16.8473 6.05209 4.64501 10.7953 7.35582 12.777 7.17159 5.50074
internal_count=3493 1247 2246 829 2178 2141 2136 797 732 714 124 590 83 507 484 65 52 95 48 460 436 416 237 84 64 153 104 179 100 77
is_linear=0
shrinkage=0.1


Tree=24
num_leaves=31
num_cat=0
split_feature=0 0 6 1 1 1 7 5 1 3 3 3 5 3 3 9 3 5 3 5 3 3 5 5 3 5 5 3 5 3
split_gain=60.6334 44.0309 16.0937 4.57335 0.537075 0.302107 0.260247 0.59132 0.0267776 0.00449674 0.00467534 0.00609846 0.00121679 0.000812012 0.000207311 0.000125068 9.78805e-05 8.75982e-05 8.82464e-05 5.89647e-05 5.72949e-05 8.89455e-05 5.54781e-05 5.49767e-05 3.27555e-05 3.13035e-05 2.97535e-05 3.27954e-05 2.70995e-05 2.14281e-05
threshold=19.500000000000004 29.500000000000004 30.000000000000004 31.500000000000004 14.500000000000002 13.500000000000002 358.00000000000006 0.0099099874496459527 1.0000000180025095e-35 74.000000000000014 95.000000000000014 6134.0000000000009 0.00097239017486570021 57445.500000000007 11119.000000000002 0.0063227218929648504 3011.5000000000005 0.53736853599548351 7428.5000000000009 1.2516975402832033e-05 50985.000000000007 57279.000000000007 1.1563301086425783e-05 9.4175338745117204e-06 95.000000000000014 1.0490417480468752e-05 1.3947486877441408e-05 1028.5000000000002 1.2040138244628908e-05 4435.5000000000009
decision_type=2 2 2 2 2 2 2 2 2 2 2 2 2 2 2 2 2 2 2 2 2 2 2 2 2 2 2 2 2 2
left_child=13 2 3 4 6 8 9 -8 -4 12 -11 16 -2 15 -13 19 22 18 -3 24 23 -22 -12 -16 -1 -26 -21 -28 29 -27
right_child=1 17 5 -5 -6 -7 7 -9 -10 10 11 14 -14 -15 20 -17 -18 -19 -20 26 21 -23 -24 -25 25 28 27 -29 -30 -31
leaf_value=0.10804726684038346 -0.10948499388324338 0.10767590415399959 0.10660618098193192 0.10592442979671178 -0.20901322055725025 0.058988043986031649 -0.0010130916633963362 -0.10526704972703799 0.12535936031413375 -0.10212062644855223 -0.10690292179302868 -0.10401489734429901 -0.10455953073705807 0.11032431280337557 -0.10326678957024578 0.10871722481725379 -0.10641069627511981 0.10691663884463648 0.10849917554925792 0.10728408636564371 -0.10387953377477388 -0.10231509685863066 -0.10772795657553676 -0.10209265032381117 0.10802233004757791 0.10756158746169625 0.10804542062393947 0.10734054915038166 0.1079625055588419 0.10785032461077909
leaf_weight=3.5680619478225735 1.1747631784528487 11.625506691634653 1.7262395992875097 1.0739403814077366 0.46768033877015014 1.4080770760774601 0.83179786987602655 1.5726815219968555 1.3623079061508181 43.00773473456502 1.362519316375254 0.85074291564524163 0.87523498013615597 1.2541756629943837 0.43630093149840821 1.2414851412177075 1.4330052770674226 1.331104952841996 1.4662073329091061 4.4907065220177165 0.57166768237948395 0.99763163365423679 2.0283838324248791 4.6378772910684347 2.9519104063510921 12.475498534739019 1.374408192932606 1.2700109891593454 2.7282713949680319 3.237209938466548
leaf_count=52 20 176 30 7 3 19 12 37 19 2127 31 31 23 18 19 19 35 22 21 71 23 47 38 231 43 191 20 20 40 48
internal_value=-0.00284499 -0.050555 -0.0852311 -0.0986213 -0.102267 0.0973765 -0.101432 -0.0692018 0.114878 -0.102783 -0.102613 -0.10433 -0.107382 0.107826 -0.102545 0.107732 -0.107104 0.10769 0.107768 0.107694 -0.102357 -0.102885 -0.107396 -0.102194 0.107767 0.10772 0.107441 0.107707 0.107672 0.107621
internal_weight=114.833 80.2414 65.8186 61.322 60.248 4.49662 59.7803 2.40448 3.08855 57.3759 55.3259 12.3181 2.05 34.5917 7.49422 33.3376 4.82391 14.4228 13.0917 32.0961 6.64348 1.5693 3.3909 5.07418 24.961 21.3929 7.13513 2.64442 18.441 15.7127
internal_count=3493 2971 2752 2684 2677 68 2674 49 49 2625 2582 455 43 522 351 504 104 219 197 485 320 70 69 250 374 322 111 40 279 239
is_linear=0
shrinkage=0.1


Tree=25
num_leaves=31
num_cat=0
split_feature=0 0 6 1 6 1 7 2 2 3 3 1 6 3 7 3 9 3 3 9 9 2 3 3 3 9 9 9 3 3
split_gain=53.8024 40.6915 15.1791 1.55558 0.414775 0.276538 0.492283 0.00467553 0.0106704 0.00188938 0.000566155 0.000203196 9.85137e-05 0.000254695 6.33719e-05 0.0001479 4.60879e-05 2.8571e-05 4.7995e-05 3.23107e-05 2.68899e-05 2.38222e-05 1.77223e-05 1.41978e-05 8.68207e-06 7.99535e-06 2.59697e-05 2.23705e-05 9.13482e-06 4.55646e-06
threshold=19.500000000000004 29.500000000000004 39.500000000000007 31.500000000000004 20.500000000000004 13.500000000000002 328.00000000000006 19597.000000000004 65054.500000000007 57445.500000000007 57806.000000000007 19.500000000000004 30.000000000000004 9955.5000000000018 12096.000000000002 7428.5000000000009 0.0057682593663533508 95.000000000000014 27.500000000000004 1.1563301086425783e-05 1.0490417480468752e-05 57438.000000000007 95.000000000000014 10004.500000000002 227.50000000000003 1.2516975402832033e-05 1.2040138244628908e-05 1.3470649719238283e-05 4435.5000000000009 2033.0000000000002
decision_type=2 2 2 2 2 2 2 2 2 2 2 2 2 2 2 2 2 2 2 2 2 2 2 2 2 2 2 2 2 2
left_child=9 2 3 4 5 6 -2 10 24 12 16 21 13 17 15 22 -7 18 19 -1 -19 -4 -3 -10 -9 26 28 -27 29 -22
right_child=1 14 11 -5 -6 7 -8 8 23 -11 -12 -13 -14 -15 -16 -17 -18 20 -20 -21 25 -23 -24 -25 -26 27 -28 -29 -30 -31
leaf_value=0.10727444026264682 -0.014913561249375103 0.1071902914074294 0.10623740663749155 0.031664617393426638 -0.20023241455406138 -0.1019002312601518 -0.10735730878382517 -0.10778067985016371 -0.10221664831631704 0.11093929572444172 -0.10452828793765281 0.10758357431050364 0.10622675034554036 0.10832645620088073 0.10626170611831459 0.10805509469050695 -0.10291714122840408 0.10720095771745171 0.10766452815715055 0.10664527103236331 0.10682552049972441 0.10563152954637028 0.10686792995267991 -0.10189644638071871 -0.10808448567784353 0.10655435123509456 0.10718820532422978 0.10702869914379697 0.10702505301162024 0.10668181231789829
leaf_weight=1.5777190513908999 1.0142430439591401 2.1175458617508403 1.5784790255129335 0.88794546574354072 0.42443209886550803 38.250800125300884 1.3333211131393907 1.3128632195293892 1.7808578386902789 1.238029658794402 0.8452272079884996 1.137208793312311 1.7657727859914292 1.3697730265557755 1.1081262193620194 1.3106977604329575 0.45093273185193439 2.3153402842581299 1.3140713609755037 1.6911312490701673 7.5917153246700781 1.1020222753286359 8.7629029899835569 6.2257200926542282 3.3179223537445068 2.8272437267005435 2.2483131252229205 1.5334715470671652 1.8384177908301342 3.1101782433688641
leaf_count=25 19 34 29 5 2 2091 26 20 84 18 21 18 32 21 20 20 18 37 20 29 127 22 146 341 48 49 36 25 30 53
internal_value=-0.00460818 -0.0511903 -0.0864494 -0.0996376 -0.101759 -0.100993 -0.0674179 -0.102503 -0.104178 0.107113 -0.101968 0.106464 0.106951 0.106997 0.106986 0.107052 -0.101912 0.106927 0.107154 0.106949 0.106879 0.105988 0.106931 -0.101968 -0.107998 0.10684 0.106875 0.106721 0.106819 0.106784
internal_weight=103.382 72.9612 59.662 55.8443 54.9563 54.5319 2.34756 52.1843 12.6374 30.4212 39.547 3.81771 29.1831 27.4174 13.2993 12.1911 38.7017 26.0476 4.58292 3.26885 21.4647 2.6805 10.8804 8.00658 4.63079 19.1493 14.7886 4.36072 12.5403 10.7019
internal_count=3466 2964 2744 2675 2670 2668 45 2623 493 502 2130 69 484 452 220 200 2109 431 74 54 357 51 180 425 68 320 246 74 210 180
is_linear=0
shrinkage=0.1


Tree=26
num_leaves=31
num_cat=0
split_feature=0 0 6 1 1 7 6 2 2 3 3 1 5 3 7 3 5 3 3 5 5 2 3 3 3 5 5 5 3 3
split_gain=48.3491 36.5702 13.6424 1.47424 0.312723 0.47535 0.283199 0.0034305 0.00779052 0.00141434 0.000416121 0.000148001 7.17088e-05 0.000190497 4.61141e-05 0.000108956 3.74238e-05 2.0752e-05 3.48208e-05 2.3423e-05 1.95017e-05 1.73665e-05 1.28736e-05 1.04522e-05 6.22457e-06 5.80211e-06 1.88411e-05 1.62269e-05 6.6261e-06 3.30592e-06
threshold=19.500000000000004 29.500000000000004 39.500000000000007 31.500000000000004 13.500000000000002 328.00000000000006 20.500000000000004 19597.000000000004 65054.500000000007 57445.500000000007 57806.000000000007 19.500000000000004 0.033275485038757255 9955.5000000000018 12096.000000000002 7428.5000000000009 0.021696448326110802 95.000000000000014 27.500000000000004 1.1563301086425783e-05 1.0490417480468752e-05 57438.000000000007 95.000000000000014 10004.500000000002 227.50000000000003 1.2516975402832033e-05 1.2040138244628908e-05 1.3470649719238283e-05 4435.5000000000009 2033.0000000000002
decision_type=2 2 2 2 2 2 2 2 2 2 2 2 2 2 2 2 2 2 2 2 2 2 2 2 2 2 2 2 2 2
left_child=9 2 3 4 5 -2 7 10 24 12 16 21 13 17 15 22 -6 18 19 -1 -19 -4 -3 -10 -9 26 28 -27 29 -22
right_child=1 14 11 -5 6 -7 -8 8 23 -11 -12 -13 -14 -15 -16 -17 -18 20 -20 -21 25 -23 -24 -25 -26 27 -28 -29 -30 -31
leaf_value=0.10653463462117807 -0.013589385650217351 0.10645990458772603 0.10560984579935612 0.028302367791690819 -0.10171639856792059 -0.10663175909582422 -0.1854199956826805 -0.10698691150135756 -0.10200127005158076 0.10985800108789071 -0.10408001250296324 0.10681362484773715 0.10559922403079179 0.10749237005455886 0.10563053000877774 0.10723903285134768 -0.1027488258128432 0.10646907056439753 0.10688289331134063 0.10597324660806216 0.10613402439400313 0.1050674547692515 0.1061719981013602 -0.10171272614396659 -0.10725638315346082 0.10589191846049595 0.1064577418497113 0.10631531371897024 0.10631210773569755 0.1060057292958908
leaf_weight=1.4369859211146967 1.0024156998842948 1.9285080470144729 1.4363205060362814 0.8937612920999517 34.724613416939974 1.2142285574227569 0.41307365894317527 1.1962906420230845 1.6146160364150999 1.1306775547564019 0.76791917346417804 1.0360271409153936 1.6067468971014012 1.248547539114951 1.0083592869341362 1.1945318393409241 0.35468454286456008 2.1086717844009426 1.1972716003656385 1.5394067019224165 6.9117363281548041 1.0022310540080068 7.9783191308379173 5.6429217029362917 3.0241737514734268 2.5733816809952255 2.0476030968129626 1.3963770829141138 1.6740545034408558 2.8312369622290134
leaf_count=25 19 34 29 5 2094 26 2 20 84 18 21 18 32 21 20 20 15 37 20 29 127 22 146 341 48 49 36 25 30 53
internal_value=-0.00458667 -0.0508659 -0.0858963 -0.0989961 -0.101274 -0.0645559 -0.102979 -0.102259 -0.103764 0.106394 -0.101777 0.105812 0.106247 0.106288 0.106278 0.106337 -0.101727 0.106225 0.106427 0.106244 0.106182 0.105387 0.106228 -0.101777 -0.10718 0.106147 0.106178 0.106041 0.106128 0.106097
internal_weight=94.1357 66.433 54.3233 50.8487 49.9549 2.21664 47.7383 47.3252 11.478 27.7027 35.8472 3.47458 26.572 24.9653 12.1097 11.1014 35.0793 23.7167 4.17366 2.97639 19.5431 2.43855 9.90683 7.25754 4.22046 17.4344 13.4646 3.96976 11.417 9.74297
internal_count=3466 2964 2744 2675 2670 45 2625 2623 493 502 2130 69 484 452 220 200 2109 431 74 54 357 51 180 425 68 320 246 74 210 180
is_linear=0
shrinkage=0.1


Tree=27
num_leaves=31
num_cat=0
split_feature=0 0 6 1 1 7 6 2 2 3 3 1 9 7 3 9 9 3 9 9 2 3 9 3 3 3 3 3 3 3
split_gain=43.4705 32.8735 12.262 1.40201 0.336038 0.55743 0.200885 0.00251941 0.00569628 0.00120836 0.000306086 0.000107988 5.85653e-05 3.36189e-05 8.03315e-05 2.51335e-05 2.45196e-05 1.65722e-05 1.30235e-05 1.29198e-05 1.26808e-05 1.03858e-05 1.89957e-05 9.37059e-06 7.69942e-06 6.48345e-06 5.32002e-06 4.47739e-06 4.07661e-06 2.40368e-06
threshold=19.500000000000004 29.500000000000004 39.500000000000007 31.500000000000004 13.500000000000002 317.00000000000006 20.500000000000004 19597.000000000004 65054.500000000007 57447.500000000007 57806.000000000007 19.500000000000004 0.0063227218929648504 12096.000000000002 7428.5000000000009 0.0057682593663533508 1.2516975402832033e-05 95.000000000000014 1.0490417480468752e-05 1.2040138244628908e-05 57438.000000000007 7428.5000000000009 1.3947486877441408e-05 95.000000000000014 10004.500000000002 4435.5000000000009 24.500000000000004 227.50000000000003 2564.0000000000005 2033.0000000000002
decision_type=2 2 2 2 2 2 2 2 2 2 2 2 2 2 2 2 2 2 2 2 2 2 2 2 2 2 2 2 2 2
left_child=9 2 3 4 5 -2 7 10 27 12 15 20 16 14 23 -6 17 26 28 25 -4 22 -18 -3 -10 29 -1 -9 -19 -20
right_child=1 13 11 -5 6 -7 -8 8 24 -11 -12 -13 -14 -15 -16 -17 21 18 19 -21 -22 -23 -24 -25 -26 -27 -28 -29 -30 -31
leaf_value=0.10575594148021211 -0.0014118575343120285 0.10580791207705852 0.1050484967955518 0.025320563206782366 -0.10155016403263742 -0.10579719751686177 -0.17338376206697756 -0.10627898965292604 -0.10180720799301263 0.10926437893810292 -0.10367766465511521 0.1061262580924754 0.10638886979477827 0.10506616686965009 0.10651025590834835 -0.1023780339249849 0.10532811510072833 0.10569324071585676 0.10551639344128777 0.10580573327090997 0.10456241608885766 0.10511134109009619 0.10577268084131125 0.10555043183585465 -0.10154708919992478 0.10567542853553308 0.10604266563996133 -0.10651848755747738 0.10596670869966601 0.10540170168425878
leaf_weight=1.6422590836882727 0.88568940758705084 1.7551895901560728 1.306226849555969 0.89882711321115394 31.419555394910279 1.2111320625990627 0.39832772314548393 1.0892902053892597 1.4636080767959354 0.94273489713668723 0.69740101136267085 0.9431975632905959 0.94082295894622703 0.91705199331045228 1.0878747627139098 0.37104544788598914 3.1171260923147193 1.1201928406953805 6.2887351028621143 1.8635818175971515 0.91101275756955136 1.0165680348873136 1.3896018452942369 7.2594220489263535 5.1138311577960849 2.1838053390383729 1.0679280087351797 2.7543725483119488 1.0618195682764051 2.5757403708994389
leaf_count=32 16 34 29 5 2091 29 2 20 84 16 21 18 19 20 20 18 65 22 127 36 22 22 27 146 341 43 20 48 20 53
internal_value=-0.0045658 -0.0505491 -0.0853463 -0.0983542 -0.100802 -0.0617052 -0.102695 -0.102039 -0.103392 0.105752 -0.101605 0.10523 0.105615 0.105646 0.105699 -0.10156 0.105584 0.105641 0.1056 0.105562 0.104849 0.1054 0.105465 0.105601 -0.101605 0.105521 0.105869 -0.106451 0.105826 0.105483
internal_weight=85.694 60.4831 49.4635 46.3031 45.4043 2.09682 43.3074 42.9091 10.4211 25.2109 32.488 3.16044 24.2682 11.0195 10.1025 31.7906 23.3274 17.8041 15.0939 12.9119 2.21724 5.5233 4.50673 9.01461 6.57744 11.0483 2.71019 3.84366 2.18201 8.86448
internal_count=3466 2964 2744 2675 2670 45 2625 2623 493 502 2130 69 486 220 200 2109 467 353 301 259 51 114 92 180 425 223 52 68 42 180
is_linear=0
shrinkage=0.1


Tree=28
num_leaves=31
num_cat=0
split_feature=2 2 3 4 4 8 9 6 9 9 2 3 2 3 9 3 2 2 3 3 3 3 9 3 3 9 3 3 3 3
split_gain=33.8998 19.0125 10.4773 1.4762 0.917835 0.658467 0.177101 0.166676 0.0447128 0.069434 0.0230109 0.00757805 0.0234899 0.0108626 0.00835289 0.012657 0.078418 0.0338435 0.0228509 0.0841916 0.0271717 0.0217304 0.0357751 0.0145429 0.0163034 0.013834 0.0125057 0.0292689 0.00817314 0.00663945
threshold=51137.000000000007 57869.000000000007 54576.500000000007 1.0000000180025095e-35 1.0000000180025095e-35 175.11204013377929 1.4424324035644533e-05 1.5000000000000002 1.2516975402832033e-05 1.3947486877441408e-05 52812.000000000007 7428.5000000000009 52812.000000000007 5887.5000000000009 9.8943710327148454e-06 2033.0000000000002 52812.000000000007 52812.000000000007 110.50000000000001 331.00000000000006 681.50000000000011 1721.5000000000002 1.1086463928222658e-05 110.50000000000001 1721.5000000000002 1.1086463928222658e-05 994.00000000000011 444.00000000000006 3638.5000000000005 23.500000000000004
decision_type=2 2 2 2 2 2 2 2 2 2 2 2 2 2 2 2 2 2 2 2 2 2 2 2 2 2 2 2 2 2
left_child=2 4 5 -4 6 7 8 -1 11 10 -10 13 -13 14 -2 17 -17 18 25 -20 -21 22 -22 29 26 -16 27 -25 -18 -19
right_child=1 -3 3 -5 -6 -7 -8 -9 9 -11 -12 12 -14 -15 15 16 28 23 19 20 21 -23 -24 24 -26 -27 -28 -29 -30 -31
leaf_value=-0.17176979172042939 0.087094902753973566 -0.10174074287134452 0.10513431785687873 -0.033057084441894265 -7.6548750091747598e-05 -0.015438353516957838 0.10482332963725499 -0.10152665226675349 0.089825120284016458 0.068766236495511376 0.10476907885720055 0.095782224652921799 0.075569880533342626 0.071072172722850879 0.066230043322720852 0.07341382934702266 0.10483869216684334 0.074964290455526855 0.10495091593859654 0.06795445146751343 0.1048291889720554 0.072127963563884429 0.079006732450961223 0.064969593970719663 0.08265163544155428 0.081320307451015622 0.0597951355952865 0.085115680325970472 0.092144138328556918 0.086108619564774488
leaf_weight=0.34181451797485962 1.7445245683193338 6.6763429706916204 3.0799456536769858 1.0320264259353278 1.3285779822617758 0.89859181083738704 3.852173574268817 28.793796895071864 2.3059428893029681 1.1519531048834322 1.8627390973269937 1.1810897104442111 1.1204060912132263 1.3073748312890519 1.1000662222504671 2.7663833089172831 1.1426474004983904 1.0442786440253251 1.7051587291061876 1.5080048777163026 0.92145256698131639 1.0174766555428503 1.2843201309442518 2.1791904233396058 0.97663119807839383 1.3568110689520834 1.2282148599624632 1.0778316818177698 0.91194075718522061 1.0953173153102396
leaf_count=2 37 446 71 28 21 15 90 2100 52 24 43 25 24 28 23 60 26 22 38 32 21 22 28 46 21 29 26 23 20 23
internal_value=-0.00454599 0.0536339 -0.0792543 0.0704509 0.0815413 -0.0997504 0.0845667 -0.102351 0.0821274 0.0904976 0.0965027 0.0804575 0.0859425 0.0799395 0.0804422 0.0798977 0.0844051 0.0785804 0.0827681 0.0858999 0.0790338 0.0842174 0.089794 0.0736809 0.0709433 0.0745636 0.0683939 0.0716364 0.0992041 0.0806694
internal_weight=77.993 43.8469 34.1462 4.11197 37.1705 30.0342 35.8419 29.1356 31.9898 5.32064 4.16868 26.6691 2.3015 24.3676 23.0603 21.3157 4.82097 16.4948 8.89329 6.43641 4.73125 3.22325 2.20577 7.60146 5.46187 2.45688 4.48524 3.25702 2.05459 2.1396
internal_count=3466 1250 2216 99 804 2117 783 2102 693 119 95 574 49 525 497 460 106 354 193 141 103 71 49 161 116 52 95 69 46 45
is_linear=0
shrinkage=0.1


Tree=29
num_leaves=31
num_cat=0
split_feature=0 0 6 1 1 7 9 3 3 3 3 3 0 9 1 6 3 7 9 3 3 3 9 9 3 9 3 3 9 9
split_gain=35.9676 27.1729 9.9309 1.49822 0.374066 0.547969 0.155124 0.00262128 0.00359684 0.00139907 0.0010769 0.00031701 0.000121438 7.56629e-05 5.8351e-05 4.76653e-05 7.76749e-05 2.26566e-05 6.25115e-05 2.13019e-05 1.66561e-05 1.85754e-05 1.24868e-05 1.25022e-05 1.1897e-05 9.06436e-06 7.38485e-06 1.91384e-05 6.02222e-06 6.98279e-06
threshold=19.500000000000004 29.500000000000004 39.500000000000007 31.500000000000004 13.500000000000002 317.00000000000006 7.3834820737009474 95.000000000000014 6134.0000000000009 57451.500000000007 60.000000000000007 3858.5000000000005 20.500000000000004 8.9406967163085954e-06 19.500000000000004 30.000000000000004 9955.5000000000018 12096.000000000002 1.3470649719238283e-05 10679.000000000002 2010.5000000000002 1028.5000000000002 1.2516975402832033e-05 1.3947486877441408e-05 95.000000000000014 1.2516975402832033e-05 50985.000000000007 56523.000000000007 1.2040138244628908e-05 1.0490417480468752e-05
decision_type=2 2 2 2 2 2 2 2 2 2 2 2 2 2 2 2 2 2 2 2 2 2 2 2 2 2 2 2 2 2
left_child=9 2 3 4 5 -2 7 10 11 15 -6 20 -10 -14 -4 16 22 18 25 -15 21 -9 24 -24 -1 -3 -21 -28 29 -26
right_child=1 17 14 -5 6 -7 -8 8 12 -11 -12 -13 13 19 -16 -17 -18 -19 -20 26 -22 -23 23 -25 28 -27 27 -29 -30 -31
leaf_value=0.10488622645481632 0.002407527353812439 0.1046670444197698 0.10393259329569514 0.031992504546213794 -0.1054039235387948 -0.10515583521599269 -0.17652944452637662 -0.10519801774446731 -0.10281869530188328 0.1090472920054415 -0.1012827886248148 -0.10754424089965094 -0.10293551612001649 -0.10209953024961929 0.10496516241807063 0.10406619792266734 0.10555775177726266 0.10414653242466294 0.10555575743670363 -0.10125786685191934 -0.10483649515350257 -0.10581411118033238 0.10435743806793765 0.10474422992841717 0.10480129601598609 0.10432472916801334 -0.10225720356728751 -0.10128778564983494 0.10481999698179399 0.10457503150653485
leaf_weight=2.2987882457673683 0.85560358129441638 6.839889090508219 1.8296805955469602 0.87720479071140189 0.64994787238538521 1.0608457019552586 0.2806132547557344 1.5813438724726432 0.84821900259703387 0.74655669182538886 25.967098899185658 0.75884047523140896 0.34927466325461853 0.40220334753394116 0.7808403968811034 1.3515279851853836 0.95913149043917556 0.76188153773546297 0.80239309743046749 2.9934179000556473 0.71739328932017077 0.70870159007608879 2.7165069580078121 1.2069492228329179 1.6150107011198969 0.87218133732676495 0.28912635054439295 0.68884886894375086 1.5758705064654357 8.7736451700329763
leaf_count=52 16 161 51 5 17 29 2 47 35 14 2098 19 21 26 18 36 21 20 17 244 24 17 68 28 37 22 20 55 36 210
internal_value=-0.00450387 -0.0501077 -0.0845887 -0.097219 -0.10019 -0.0571339 -0.102467 -0.101889 -0.103331 0.104795 -0.101383 -0.105718 -0.101717 -0.101519 0.104241 0.10464 0.104681 0.104669 0.104716 -0.101406 -0.105257 -0.105389 0.104634 0.104476 0.104678 0.104628 -0.101336 -0.101574 0.104638 0.10461
internal_weight=72.1595 50.9155 41.6392 39.0287 38.1515 1.91645 36.235 35.9544 9.33737 21.244 26.617 3.76628 5.57109 4.72287 2.61052 20.4974 19.1459 9.27635 8.51446 4.3736 3.00744 2.29005 18.1868 3.92346 14.2633 7.71207 3.97139 0.977975 11.9645 10.3887
internal_count=3466 2964 2744 2675 2670 45 2625 2623 508 502 2115 107 401 366 69 488 452 220 200 345 88 64 431 96 335 183 319 75 283 247
is_linear=0
shrinkage=0.1


Tree=30
num_leaves=31
num_cat=0
split_feature=2 2 3 1 1 7 1 4 8 5 5 5 3 3 5 5 3 3 3 3 5 3 3 3 3 2 2 3 5 2
split_gain=29.6704 13.9854 9.23692 2.95143 4.71813 2.73888 1.02833 1.02679 0.68616 0.575634 0.109089 0.108655 0.0444051 0.036285 0.0880278 0.0316977 0.0349175 0.0299141 0.0325573 0.0304297 0.030574 0.0750424 0.0150302 0.0163919 0.00924913 0.0263353 0.0238681 0.00841567 0.0357518 0.00722925
threshold=51137.000000000007 62534.500000000007 54576.500000000007 12.500000000000002 13.500000000000002 11436.500000000002 19.500000000000004 1.0000000180025095e-35 175.11204013377929 1.9431114196777347e-05 1.2516975402832033e-05 1.0000000180025095e-35 499.50000000000006 5954.5000000000009 1.1563301086425783e-05 1.3947486877441408e-05 1781.0000000000002 137.00000000000003 227.50000000000003 616.50000000000011 1.0490417480468752e-05 2802.5000000000005 2033.0000000000002 4435.5000000000009 1077.0000000000002 52812.000000000007 52812.000000000007 23.500000000000004 1.1563301086425783e-05 52812.000000000007
decision_type=2 2 2 2 2 2 2 2 2 2 2 2 2 2 2 2 2 2 2 2 2 2 2 2 2 2 2 2 2 2
left_child=2 3 8 5 -5 -2 9 -4 11 10 13 -1 -12 17 -15 16 -14 27 -19 29 21 -21 24 -24 26 -26 -22 -6 -29 -20
right_child=1 -3 7 4 6 -7 -8 -9 -10 -11 12 -13 15 14 -16 -17 -18 18 19 20 22 -23 23 -25 25 -27 -28 28 -30 -31
leaf_value=-0.15307769687722556 0.32620072554002072 -0.10125432598333649 0.10414023888247466 -0.10659812802575599 0.065766325164627035 0.10369558842591015 0.17993556928948709 -0.022384702549424967 -0.0050865664412892636 -0.0038951986163542197 0.10401987283248289 -0.10127897121090752 0.076249549888764173 0.082116120421871261 0.046391710726721012 0.069101364439555543 0.10383483826596651 0.095441135043034475 0.073980883798818314 0.091302587967688698 0.073250794598369404 0.049421726899901645 0.090828641607940366 0.0768907982613381 0.083306506878288181 0.062754522067339502 0.094323097841930006 0.082610657066875995 0.062138309870460151 0.063598004985061726
leaf_weight=0.41193930804730428 0.88866403698921148 4.8939300682395688 2.6741166077554221 1.4187049884349132 1.8230941891670394 1.4655554257333276 0.99650098569691081 0.84378883242607106 0.75069412123411794 0.86166376806795497 2.0345134101808062 23.894276313483715 0.80536390468478236 1.4835845418274396 1.289051581174135 0.89670631289482106 1.0665542110800741 1.2512257769703854 1.4132662564516059 0.79224929958581813 1.0398590676486474 0.9301232174038887 3.3728687018156052 1.1253241896629331 1.5999502800405025 1.0216079615056515 1.1126784756779671 2.0612718798220162 1.4552643224596975 1.2760945186018944
leaf_count=3 6 418 75 32 44 44 19 24 12 17 55 2121 21 37 31 22 30 32 35 20 27 22 89 28 41 25 28 52 36 31
internal_value=-0.000797797 0.0566467 -0.0779452 0.0797267 0.0715616 0.187686 0.0800693 0.0737925 -0.0992487 0.0766033 0.0790939 -0.102157 0.0928034 0.0762368 0.0655072 0.084561 0.0919667 0.0777041 0.0800008 0.078589 0.0809212 0.0686859 0.083194 0.0873418 0.0792859 0.0752975 0.0841434 0.07128 0.0741385 0.0690542
internal_weight=66.9505 38.3757 28.5748 33.4817 31.1275 2.35422 29.7088 3.51791 25.0569 28.7123 27.8507 24.3062 4.80314 23.0475 2.77264 2.76862 1.87192 20.2749 14.9352 13.684 10.9947 1.72237 9.27229 4.49819 4.7741 2.62156 2.15254 5.33963 3.51654 2.68936
internal_count=3477 1242 2235 824 774 50 742 99 2136 723 706 2124 128 578 68 73 51 510 378 346 280 42 238 117 121 66 55 132 88 66
is_linear=0
shrinkage=0.1


Tree=31
num_leaves=31
num_cat=0
split_feature=0 0 7 3 0 6 7 0 3 3 3 3 9 5 5 3 5 5 5 3 3 5 3 3 3 0 3 5 5 5
split_gain=28.9219 20.0802 10.7086 3.83786 4.01603 4.08624 1.64506 0.112645 0.00215069 0.00230436 0.00136982 0.00130854 0.00119677 0.000801464 9.49642e-05 5.43723e-05 4.24489e-05 4.29201e-05 2.3207e-05 2.11956e-05 5.88948e-05 1.12059e-05 8.48577e-06 7.964e-06 1.06759e-05 4.79042e-06 5.43088e-06 4.53514e-06 3.34404e-06 3.43745e-06
threshold=19.500000000000004 29.500000000000004 162.50000000000003 74.000000000000014 21.500000000000004 20.500000000000004 8751.0000000000018 27.000000000000004 95.000000000000014 9157.0000000000018 74.000000000000014 57453.500000000007 0.020038665386668354 0.0076789855957031007 8.9406967163085954e-06 4599.5000000000009 0.044107556343078606 1.3947486877441408e-05 1.2516975402832033e-05 50985.000000000007 56684.500000000007 11.623759508132936 95.000000000000014 2010.5000000000002 331.00000000000006 47.500000000000007 1952.0000000000002 1.2516975402832033e-05 8.4638595581054704e-06 1.2040138244628908e-05
decision_type=2 2 2 2 2 2 2 2 2 2 2 2 2 2 2 2 2 2 2 2 2 2 2 2 2 2 2 2 2 2
left_child=11 2 7 13 12 -6 -7 8 10 15 -2 16 -5 -4 -11 23 17 18 22 -16 -21 -8 -1 24 -10 27 -27 -3 -24 -30
right_child=1 25 3 4 5 6 21 -9 9 14 -12 -13 -14 -15 19 -17 -18 -19 -20 20 -22 -23 28 -25 -26 26 -28 -29 29 -31
leaf_value=0.1040920317345892 -0.10555232172570406 0.10388208512934104 -0.10789086029403863 -0.10196862845883958 0.26065126719843162 -0.056894461156301902 0.10322196912556079 -0.17014286578778023 -0.10495355744180697 -0.1032499497610983 -0.10104149950493664 0.10841204489088632 -0.10911658864482031 -0.10320264330765955 -0.10113788817109903 -0.10412657778723321 0.10329305893876062 0.1044813639300918 0.10354758628021837 -0.10286633626121709 -0.10105059199292331 0.10373330427191643 0.1040703760687004 -0.10490758068616722 -0.10543109773964121 0.10387904882276525 0.10421440976105381 0.10368383766517433 0.1038293695190201 0.10399759301707545
leaf_weight=1.9553755111992455 0.69524235464633477 3.6937559284269801 0.65120140835642704 0.61082906927913416 1.377491916529834 0.94341116026043925 1.3700545392930505 0.24230146408080955 0.70427670888602767 0.26141187362372909 21.243620562367141 0.65213002078235049 0.37991519365459681 0.82865109946578741 2.6365367947146301 0.60599077586084593 1.2651908099651326 1.1571943424642075 2.180022880434989 0.2873165439814328 0.47225187066942453 0.62368864938616742 0.74985993281006713 0.84584750980138768 1.3963241782039402 1.3616473414003851 0.74823719635605801 1.6781775802373884 9.1108353435993159 1.4015424661338336
leaf_count=52 18 103 13 37 10 6 46 1 24 17 2098 14 11 31 256 27 41 30 66 20 46 19 20 29 39 38 20 50 257 38
internal_value=-0.000877941 -0.0452579 -0.0760999 0.0371349 0.0768552 0.118547 0.0519013 -0.102241 -0.101677 -0.103175 -0.101184 0.104012 -0.10471 -0.105266 -0.101413 -0.104989 0.103851 0.103894 0.10385 -0.101272 -0.101737 0.103382 0.1039 -0.105167 -0.105271 0.10387 0.103998 0.10382 0.103866 0.103852
internal_weight=62.1303 43.6582 36.1764 6.78524 5.30539 4.31465 2.93715 29.3911 29.1488 7.20996 21.9389 18.4722 0.990744 1.47985 3.65752 3.55244 17.82 16.5548 15.3976 3.39611 0.759568 1.99374 13.2176 2.94645 2.1006 7.48182 2.10988 5.37193 11.2622 10.5124
internal_count=3477 2959 2748 173 129 81 71 2575 2574 458 2116 518 48 44 339 119 504 463 433 322 66 65 367 92 63 211 58 153 315 295
is_linear=0
shrinkage=0.1


Tree=32
num_leaves=31
num_cat=0
split_feature=0 0 1 5 3 8 5 0 8 3 3 5 3 3 5 3 5 5 5 5 3 3 3 3 3 8 0 3 5 3
split_gain=26.035 18.0109 13.7886 4.41337 1.15046 0.555432 0.364607 0.0764374 0.00216905 0.00162634 0.00169511 0.00142743 0.000973461 0.000740657 7.06707e-05 3.94506e-05 3.31252e-05 3.11325e-05 3.18795e-05 1.69957e-05 1.57889e-05 4.38787e-05 6.21481e-06 5.75441e-06 7.70059e-06 4.13869e-06 3.52418e-06 4.01937e-06 3.29602e-06 2.50396e-06
threshold=19.500000000000004 29.500000000000004 12.500000000000002 0.42182505130767828 438.50000000000006 345.11403508771934 0.29147756099700933 27.000000000000004 73.500000000000014 95.000000000000014 9157.0000000000018 0.0027825832366942505 57453.500000000007 74.000000000000014 8.9406967163085954e-06 4599.5000000000009 0.0087274312973022027 0.044107556343078606 1.3947486877441408e-05 1.2516975402832033e-05 50985.000000000007 56684.500000000007 95.000000000000014 2010.5000000000002 331.00000000000006 717.79545454545462 47.500000000000007 1952.0000000000002 1.2516975402832033e-05 27358.000000000004
decision_type=2 2 2 2 2 2 2 2 2 2 2 2 2 2 2 2 2 2 2 2 2 2 2 2 2 2 2 2 2 2
left_child=12 2 4 5 -2 6 7 8 9 13 15 -10 17 -4 -12 23 -13 18 19 22 29 -22 -1 24 -11 -6 28 -28 -3 -16
right_child=1 26 3 -5 25 -7 -8 -9 11 10 14 16 -14 -15 20 -17 -18 -19 -20 -21 21 -23 -24 -25 -26 -27 27 -29 -30 -31
leaf_value=0.10368763921337404 0.2485165392636482 0.10349913173180117 -0.10443001695895232 0.057452145028022261 0.10318746044460768 0.055514311942816412 -0.22419159434821184 -0.15916861665695262 -0.1086432319711783 -0.10446734311515866 -0.10294226423983528 -0.10358386319631115 0.10759253624693131 -0.10094307424847292 -0.10113323041436342 -0.10372756311881964 -0.10242371956475371 0.10296989014117415 0.10404119558643635 0.10319866009215622 -0.10259566486212771 -0.1009496165915266 0.10348497275007562 -0.10442613393593705 -0.10489273961088488 0.10282433462339038 0.1034964047427865 0.10379914493951706 0.10332175834596986 -0.10092841147278719
leaf_weight=1.775845468044287 0.95566734671592635 3.3539845757186404 0.62886813655498031 1.845397738739847 0.5961594395339489 0.22208527103066344 0.24708907306194205 0.23354820907115836 0.69537059403955837 0.64007058646529902 0.23720624484121833 0.38004125468432881 0.5943366251885881 19.43220392614603 1.1759009324014194 0.55032491870224465 0.69838331267237663 1.1482017766684283 1.051276696845888 1.9788957629352797 0.26062573865056027 0.42771683633327484 10.226134806871412 0.7687031216919421 1.2696000551804898 0.66284847445785999 1.2363923825323579 0.67960347235202778 1.5235279239714143 1.212170668877661
leaf_count=52 4 103 20 37 21 4 1 1 13 24 17 13 14 2116 123 27 35 41 30 66 20 46 315 29 39 25 38 20 50 133
internal_value=-0.000925717 -0.0448409 -0.0752476 -0.0925092 0.165791 -0.102026 -0.103238 -0.102194 -0.101725 -0.101499 -0.102868 -0.10511 0.103618 -0.101052 -0.101279 -0.104499 -0.102833 0.103472 0.10351 0.10347 -0.101151 -0.101573 0.103515 -0.104657 -0.10475 0.102996 0.103489 0.103604 0.103444 -0.101029
internal_weight=56.7082 39.9335 33.14 30.9253 2.21468 29.0799 28.8578 28.6107 28.3772 26.6034 6.54232 1.7738 16.7747 20.0611 3.31362 3.2287 1.07842 16.1804 15.0322 13.9809 3.07641 0.688343 12.002 2.67837 1.90967 1.25901 6.79351 1.916 4.87751 2.38807
internal_count=3477 2959 2748 2698 50 2661 2657 2656 2655 2594 458 61 518 2136 339 119 48 504 463 433 322 66 367 92 63 46 211 58 153 256
is_linear=0
shrinkage=0.1


Tree=33
num_leaves=31
num_cat=0
split_feature=0 0 1 5 2 8 5 0 2 2 3 8 2 3 3 5 5 5 3 8 0 3 5 5 5 5 3 3 2 2
split_gain=23.4293 16.1413 12.07 4.05826 0.683474 0.513494 0.234274 0.0528484 0.00284165 0.00337829 0.000723857 0.000215757 9.13777e-05 4.59147e-05 2.53907e-05 2.28566e-05 2.36766e-05 1.24616e-05 4.55646e-06 3.06004e-06 2.5946e-06 2.97522e-06 2.39965e-06 1.80711e-06 1.85751e-06 1.72365e-06 1.69247e-06 1.25673e-06 1.35646e-06 1.27827e-06
threshold=19.500000000000004 29.500000000000004 12.500000000000002 0.42182505130767828 57473.000000000007 345.11403508771934 0.29147756099700933 27.000000000000004 19597.000000000004 60944.500000000007 57453.500000000007 78.500000000000014 65054.500000000007 57511.500000000007 110.50000000000001 0.044107556343078606 1.3947486877441408e-05 1.2516975402832033e-05 95.000000000000014 717.79545454545462 47.500000000000007 1952.0000000000002 1.2516975402832033e-05 8.4638595581054704e-06 1.2040138244628908e-05 0.0011430978775023501 4435.5000000000009 2033.0000000000002 52812.000000000007 52812.000000000007
decision_type=2 2 2 2 2 2 2 2 2 2 2 2 2 2 2 2 2 2 2 2 2 2 2 2 2 2 2 2 2 2
left_child=10 2 4 5 19 6 7 8 13 11 15 14 -11 25 -10 16 17 18 -1 -2 22 -22 -3 -20 26 -4 27 29 -29 -25
right_child=1 20 3 -5 -6 -7 -8 -9 9 12 -12 -13 -14 -15 -16 -17 -18 -19 23 -21 21 -23 -24 24 -26 -27 -28 28 -30 -31
leaf_value=0.10332454504756397 0.10287627281352435 0.10315515506356901 -0.10084304234843883 0.05154221534763536 0.21634962896509952 0.050357290941513415 -0.19924920924376252 -0.15046211875027618 -0.10428492377505488 -0.10280728258916672 0.10685441918883667 -0.10659611332392233 -0.10087289005238823 -0.10216908047298626 -0.10495395104471482 0.10267930190070002 0.1036455302626568 0.10288505701543599 0.10330757662687823 0.10254846891995634 0.10315270639518442 0.1034260715714463 0.10299629281847222 0.10306573299657416 0.10324865854852933 -0.10108465400868127 0.1032097164523394 0.10309142396575768 0.1029115559223012 0.10317443684520702
leaf_weight=1.6122102309018291 0.54097592271864703 3.0444146543741217 17.367313409224177 1.8510016221553076 0.98597452044486988 0.22043866850435634 0.24999645352363487 0.22290052473544975 0.74064518138766233 0.26245923060923848 0.54130323603749353 0.84489365015178908 3.510746288113296 0.26671144366264243 2.423253171145916 1.0417263675481088 0.95468071661889631 1.795758647844196 0.61834444291889568 0.60130134597420692 1.1222716458141802 0.61703572422265995 1.3826792538166044 2.2475321404635888 1.1555159818381069 0.30037323851138253 1.4450432267040012 1.0165377892553804 0.71360489912331093 2.0855755880475044
leaf_count=52 21 103 2095 37 4 4 1 1 20 12 14 21 411 13 54 41 30 66 20 25 38 20 50 78 38 29 48 35 26 70
internal_value=-0.000954667 -0.0443686 -0.0743016 -0.0915964 0.155353 -0.101629 -0.102908 -0.101979 -0.101559 -0.103155 0.103263 -0.105176 -0.101007 -0.100867 -0.104797 0.103131 0.103165 0.103129 0.103169 0.102704 0.103146 0.10325 0.103106 0.103142 0.103131 -0.100847 0.103112 0.103089 0.103017 0.103118
internal_weight=51.7832 36.5554 30.389 28.2607 2.12825 26.4097 26.1893 25.9393 25.7164 7.782 15.2278 4.00879 3.77321 17.9344 3.1639 14.6865 13.6448 12.6901 10.8944 1.14228 6.1664 1.73931 4.42709 9.28215 8.66381 17.6677 7.50829 6.06325 1.73014 4.33311
internal_count=3477 2959 2748 2698 50 2661 2657 2656 2655 518 518 95 423 2137 74 504 463 433 367 46 211 58 153 315 295 2124 257 209 61 148
is_linear=0
shrinkage=0.1


Tree=34
num_leaves=31
num_cat=0
split_feature=2 2 3 1 1 9 1 4 2 7 5 3 3 5 3 3 3 5 3 5 3 3 3 2 3 2 3 2 3 2
split_gain=19.5755 8.66563 6.27862 1.25484 3.12064 0.88119 1.26947 0.79289 0.424819 0.134376 0.0914736 0.0288247 0.0275721 0.0637225 0.0237839 0.026625 0.0240025 0.0231953 0.0561125 0.018354 0.0242112 0.0124557 0.0209625 0.0194526 0.00998129 0.00648521 0.00607499 0.00584755 0.0265711 0.00532051
threshold=19597.000000000004 62534.500000000007 54576.500000000007 12.500000000000002 13.500000000000002 0.14101814921898179 14.500000000000002 1.0000000180025095e-35 57473.000000000007 7653.0000000000009 1.2516975402832033e-05 171.00000000000003 5954.5000000000009 1.1563301086425783e-05 137.00000000000003 227.50000000000003 616.50000000000011 1.0490417480468752e-05 2802.5000000000005 1.3947486877441408e-05 1721.5000000000002 1721.5000000000002 1077.0000000000002 52812.000000000007 4435.5000000000009 52812.000000000007 3490.0000000000005 52812.000000000007 2564.0000000000005 52812.000000000007
decision_type=2 2 2 2 2 2 2 2 2 2 2 2 2 2 2 2 2 2 2 2 2 2 2 2 2 2 2 2 2 2
left_child=2 3 9 8 -5 6 10 -4 -2 -1 12 -12 14 -14 25 -16 29 18 -18 20 -13 22 23 -19 26 -6 27 28 -23 -17
right_child=1 -3 7 4 5 -7 -8 -9 -10 -11 11 19 13 -15 15 16 17 21 -20 -21 -22 24 -24 -25 -26 -27 -28 -29 -30 -31
leaf_value=-0.10091430864142166 0.10244037515531559 -0.10084121488644678 0.1027478964257853 -0.10433420920792538 0.070843431125300796 0.17649267006001154 -0.035844919646943384 -0.024325308792642816 0.19407096965411841 -0.1755105839455105 0.10271229471572518 0.076989003797516081 0.077692691728297986 0.041919823517671879 0.092497881428932255 0.069222845974764038 0.087827245752362837 0.06852034423611951 0.044929540045517004 0.073742794301824913 0.10254280683364235 0.090901047608977326 0.060065231222465348 0.091207835812425891 0.072227444339160563 0.062591812011463605 0.091899418173501432 0.08763258034305503 0.063677538210250947 0.058717966558101103
leaf_weight=16.217570702545352 1.0360968373715942 3.293034355621784 1.8159000594168895 1.0382674736902213 1.7972107566893165 0.79424017295241256 1.0911056417971838 0.6730109741911291 0.98887459933757771 0.2451326847076406 1.0947586167603724 0.69286277890205406 1.0474680848419655 0.94916983135044564 0.86385678499936958 1.0091727990657071 0.55097381584346272 0.7422278728336098 0.68280977755784988 1.1248569302260873 0.79757492057979107 0.75496702827513262 0.80113542079925526 0.76997812651097775 0.80033134669065464 2.026353657245636 0.86090688034892071 1.1109094321727753 0.68276269361376762 0.92320295982062806
leaf_count=2126 46 418 75 35 63 12 17 24 4 1 43 26 37 31 32 35 20 27 22 39 33 28 28 28 28 69 33 42 24 31
internal_value=-0.000977461 0.0516569 -0.0796449 0.0717185 0.0650761 0.0730826 0.0692037 0.0683868 0.147187 -0.102025 0.0749109 0.0890887 0.0716983 0.0606868 0.0732276 0.0756758 0.0741761 0.0766602 0.0640865 0.0833858 0.0906636 0.0790384 0.0731436 0.0800723 0.0822776 0.0664704 0.0846367 0.0821834 0.0779729 0.0642041
internal_weight=47.2767 28.3251 18.9516 25.0321 23.0071 21.9688 21.1746 2.48891 2.02497 16.4627 20.0835 3.71005 16.3734 1.99664 14.3768 10.5532 9.68938 7.757 1.23378 2.61529 1.49044 6.52322 2.31334 1.51221 4.20988 3.82356 3.40955 2.54864 1.43773 1.93238
internal_count=3477 1251 2226 833 783 748 736 99 50 2127 719 141 578 68 510 378 346 280 42 98 59 238 83 55 155 132 127 94 52 66
is_linear=0
shrinkage=0.1


Tree=35
num_leaves=31
num_cat=0
split_feature=0 0 1 5 2 1 2 2 3 2 3 5 3 5 5 0 5 3 2 3 3 5 5 5 3 3 2 3 3 3
split_gain=19.2425 14.0454 9.37991 3.57421 0.263103 0.144312 0.00234843 0.00261706 0.000323724 9.94235e-05 3.78856e-05 1.49366e-05 1.21012e-05 6.65646e-06 4.93625e-06 3.77472e-06 3.39798e-06 5.9816e-06 3.3449e-06 6.2744e-06 2.86745e-06 1.40505e-06 1.39544e-06 2.04422e-06 1.34962e-06 1.21402e-06 1.0835e-06 1.08317e-06 1.53904e-06 1.32495e-06
threshold=19.500000000000004 29.500000000000004 12.500000000000002 0.42182505130767828 57473.000000000007 14.500000000000002 51137.000000000007 56684.500000000007 57451.500000000007 62534.500000000007 57511.500000000007 0.033275485038757255 27160.000000000004 1.2516975402832033e-05 1.3947486877441408e-05 20.500000000000004 1.1912584304809573 5954.5000000000009 52812.000000000007 129.00000000000003 95.000000000000014 1.2516975402832033e-05 1.0490417480468752e-05 1.1563301086425783e-05 1781.0000000000002 616.50000000000011 52812.000000000007 681.50000000000011 4435.5000000000009 2033.0000000000002
decision_type=2 2 2 2 2 2 2 2 2 2 2 2 2 2 2 2 2 2 2 2 2 2 2 2 2 2 2 2 2 2
left_child=8 2 4 5 -2 6 10 18 11 -9 15 12 13 20 -15 -4 17 21 -8 -20 -1 25 24 -24 -22 26 -3 -25 29 -29
right_child=1 16 3 -5 -6 -7 7 9 -10 -11 -12 -13 -14 14 -16 -17 -18 -19 19 -21 22 -23 23 27 -26 -27 -28 28 -30 -31
leaf_value=0.10280219768232464 0.10220465859597312 0.10262805229730254 -0.10119696028794115 0.0456698301176032 0.17773255913279268 -0.15436244521441839 -0.10472886859768914 -0.10256933630436232 0.10540349597149767 -0.100711683502995 -0.10193072125765318 0.10218527310163245 0.10312818255224182 0.10237311583759878 0.1027046849892537 -0.10069132577654721 0.10238947217728588 0.10293871164408824 -0.10514553599173702 -0.10477807193291831 0.10262924829045589 0.10250648771617665 0.10256425681689239 0.10275255771331362 0.10285507152442674 0.10259621717124395 0.10278877230920258 0.10264710514734571 0.10277278761492983 0.10244548444505462
leaf_weight=1.3455218747258095 0.87726472131908539 0.77071313373744421 0.14916341705248548 1.7524560596793879 0.97253330051898956 0.52740500122308631 1.6098928172141307 0.3199768261983994 0.43381625600159246 2.8930478389374912 0.25300070922821838 0.7323605492711075 0.5081715155392893 1.513479307293893 0.63839464262127865 14.479254355188457 0.46039885841310013 0.72537365555763234 0.77010601945221413 1.1715754792094228 0.49832429923117139 0.77875639498233784 2.9197400286793709 1.2489812932908537 0.56438704393804073 1.7207820974290369 0.92036295868456364 0.97875187359750293 0.57656856812536705 0.48866347409784794
leaf_count=51 43 31 14 34 4 3 38 14 15 414 14 35 19 67 25 2126 21 27 20 27 20 33 120 48 21 70 35 39 22 21
internal_value=-0.00237956 -0.0443732 -0.0750397 -0.0918132 0.141914 -0.102679 -0.10142 -0.102965 0.10272 -0.100897 -0.100717 0.102623 0.102651 0.102629 0.102471 -0.100696 0.102649 0.102674 -0.104835 -0.104924 0.102668 0.102628 0.102643 0.102625 0.102749 0.102655 0.102716 0.102679 0.102634 0.10258
internal_weight=43.5992 31.1521 25.7757 23.9259 1.8498 22.1734 21.646 6.7646 12.4472 3.21302 14.8814 12.0133 11.281 10.7728 2.15187 14.6284 5.37639 4.91599 3.55157 1.94168 8.62094 4.19061 7.27542 6.21271 1.06271 3.41186 1.69108 3.29297 2.04398 1.46742
internal_count=3471 2968 2751 2704 47 2670 2667 513 503 428 2154 488 453 434 92 2140 217 196 85 47 342 169 291 250 41 136 66 130 82 60
is_linear=0
shrinkage=0.1


Tree=36
num_leaves=31
num_cat=0
split_feature=0 0 1 5 2 1 2 2 3 2 3 5 3 7 3 5 5 7 2 3 3 5 5 5 3 3 3 3 3 2
split_gain=17.3278 12.5981 8.31185 3.3251 0.172708 0.10318 0.00173209 0.00192396 0.000242208 7.34025e-05 2.7979e-05 1.09893e-05 9.00547e-06 7.01677e-06 9.20704e-06 4.89168e-06 3.62916e-06 3.46569e-06 2.54383e-06 4.85667e-06 2.108e-06 1.10789e-06 1.02561e-06 1.50209e-06 9.91663e-07 7.95945e-07 1.13089e-06 9.73782e-07 6.67855e-07 7.96042e-07
threshold=19.500000000000004 29.500000000000004 12.500000000000002 0.42182505130767828 57473.000000000007 14.500000000000002 51137.000000000007 56684.500000000007 57451.500000000007 62534.500000000007 57511.500000000007 0.033275485038757255 27160.000000000004 18174.000000000004 8684.5000000000018 1.2516975402832033e-05 1.3947486877441408e-05 293.00000000000006 52812.000000000007 129.00000000000003 95.000000000000014 1.2516975402832033e-05 1.0490417480468752e-05 1.1563301086425783e-05 1781.0000000000002 681.50000000000011 4435.5000000000009 2033.0000000000002 616.50000000000011 52812.000000000007
decision_type=2 2 2 2 2 2 2 2 2 2 2 2 2 2 2 2 2 2 2 2 2 2 2 2 2 2 2 2 2 2
left_child=8 2 4 5 -2 6 10 18 11 -9 17 12 15 14 21 20 -17 -4 -8 -20 -1 28 24 -24 -22 -25 27 -27 29 -3
right_child=1 13 3 -5 -6 -7 7 9 -10 -11 -12 -13 -14 -15 -16 16 -18 -19 19 -21 22 -23 23 25 -26 26 -28 -29 -30 -31
leaf_value=0.10252851150428029 0.10199089116428815 0.10237176357269551 -0.1006241750750918 0.040923374498677903 0.16526255543540458 -0.14734090604827593 -0.10425907738079604 -0.10231969876895085 0.10488996043573778 -0.10064350576762988 -0.10174385085574289 0.10197299975346541 0.10282467721408861 0.1019786645995131 0.10284977055594674 0.10214222059391223 0.10244074656868621 -0.10109794883233365 -0.10464200885721249 -0.10430289619745968 0.10237282005726851 0.1022659814310716 0.10231431443597708 0.10248379802210894 0.10257606678550275 0.1023888814972487 0.10250199768879896 0.10220737673165169 0.10236037777647256 0.10251641033724233
leaf_weight=1.2205628659576104 0.79536096099764708 0.69902703166007929 13.088425407186156 1.7597430869936932 0.94280371069908142 0.49876134097576041 1.4629202429205173 0.29019740968942676 0.39435708895325738 2.619421053212136 0.22932356502860862 0.66397643461823541 0.4611006788909443 0.38051008991897095 0.46000084839761246 1.372390743345022 0.57905584760010231 0.15624347096309144 0.70000276062637556 1.0646683722734449 0.45197438821196545 0.72892330028116692 2.6480151358991861 1.1329377535730603 0.51199678517878056 0.88773104734718777 0.52300883270800103 0.44313861802220345 1.7730614617466924 0.83487862721085548
leaf_count=51 43 31 2124 34 4 3 38 14 15 414 14 35 19 20 18 67 25 16 20 27 20 34 120 48 21 39 22 21 79 35
internal_value=-0.00238291 -0.0439374 -0.0741628 -0.0908908 0.13631 -0.102425 -0.101283 -0.102675 0.102455 -0.100811 -0.100649 0.102367 0.102393 0.102391 0.102426 0.102372 0.102231 -0.10063 -0.104357 -0.104437 0.102408 0.102378 0.102385 0.102369 0.102481 0.102418 0.102377 0.102328 0.102402 0.10245
internal_weight=39.7745 28.4843 23.6079 21.8697 1.73816 20.11 19.6112 6.13721 11.2902 2.90962 13.474 10.8959 10.2319 4.8764 4.49589 9.77081 1.95145 13.2447 3.22759 1.76467 7.81937 4.03589 6.5988 5.63483 0.963971 2.98682 1.85388 1.33087 3.30697 1.53391
internal_count=3471 2968 2751 2704 47 2670 2667 513 503 428 2154 488 453 217 197 434 92 2140 85 47 342 179 291 250 41 130 82 60 145 66
is_linear=0
shrinkage=0.1


Tree=37
num_leaves=31
num_cat=0
split_feature=0 0 7 2 3 7 7 2 0 8 2 2 3 5 3 7 7 3 5 5 3 5 5 5 3 3 3 3 3 3
split_gain=15.6053 11.2994 6.08837 2.68402 1.67333 1.5447 1.0398 0.0749525 0.0159607 0.00451575 0.00106938 0.00133886 0.000181041 8.09049e-06 6.69934e-06 5.22858e-06 5.16542e-06 6.79517e-06 3.59767e-06 2.67018e-06 1.55091e-06 8.1393e-07 7.54358e-07 1.1046e-06 7.33487e-07 7.29261e-07 5.85315e-07 8.31661e-07 7.16255e-07 4.91079e-07
threshold=19.500000000000004 29.500000000000004 162.50000000000003 19597.000000000004 118.00000000000001 1977.0000000000002 11189.500000000002 3405.0000000000005 27.000000000000004 192.50000000000003 52695.000000000007 60944.500000000007 57451.500000000007 0.033275485038757255 27160.000000000004 56737.500000000007 18174.000000000004 8684.5000000000018 1.2516975402832033e-05 1.3947486877441408e-05 95.000000000000014 1.2516975402832033e-05 1.0490417480468752e-05 1.1563301086425783e-05 10004.500000000002 1781.0000000000002 681.50000000000011 4435.5000000000009 2033.0000000000002 616.50000000000011
decision_type=2 2 2 2 2 2 2 2 2 2 2 2 2 2 2 2 2 2 2 2 2 2 2 2 2 2 2 2 2 2
left_child=12 2 8 7 -5 -6 -7 9 10 -4 -2 -12 13 14 18 -8 17 21 20 -20 -1 29 25 -24 -13 -22 -25 28 -28 -3
right_child=1 16 3 4 5 6 15 -9 -10 -11 11 24 -14 -15 -16 -17 -18 -19 19 -21 22 -23 23 26 -26 -27 27 -29 -30 -31
leaf_value=0.10228217562438312 -0.10056335060206123 0.10221190822622071 -0.10170225421590805 -0.050074952440798876 0.189803823224927 -0.067160364785798107 0.10217141780607648 -0.15140329631325788 -0.13097598545999742 -0.084921070904551421 -0.10387438972149624 -0.10069764309403924 0.10442514793189708 0.10178172724559204 0.10255115237999304 0.10170965225993503 0.10178683248371861 0.10257218068067833 0.10193423325397817 0.10220314056309497 0.10214194444246977 0.1020458071401959 0.10208925487891202 0.10224187795324574 -0.10056260205102435 0.10232497078650965 0.10215640345678947 0.10225826388994355 0.10199292481592664 0.1021307613884775
leaf_weight=1.1069353464990781 11.720289278775466 1.3910099547356365 0.41502167005091795 0.9212934356182817 1.2187062762677672 0.57598927058279492 0.5277079027146101 0.36588005721569061 0.18056842684745689 0.26132702967151999 2.61114552989602 0.5134021746926013 0.35833644866943437 0.60186228342354375 0.41827728971839029 0.45805849879980087 0.34491562284529198 0.41729502752423275 1.2441952340304849 0.5251074619591235 0.40984065085649479 0.66090767644345749 2.4010363090783358 1.0274265240877869 1.8572648987174032 0.46435277536511421 0.80498714372515656 0.47430848330259312 0.40176855586469173 1.6077556293457744
leaf_count=51 2104 66 38 35 6 8 27 2 1 17 73 78 15 35 19 28 20 18 67 25 20 34 120 48 334 21 39 22 21 79
internal_value=-0.00238377 -0.0434974 -0.0732788 0.0268144 0.066726 0.105427 0.0395849 -0.114942 -0.101405 -0.0952184 -0.101085 -0.102312 0.102217 0.102137 0.10216 0.101957 0.102158 0.10219 0.102142 0.102014 0.102173 0.102146 0.102153 0.102139 -0.100592 0.102239 0.102182 0.102146 0.102102 0.102168
internal_weight=36.287 26.0485 21.6267 4.74398 3.70176 2.78046 1.56176 1.04223 16.8827 0.676349 16.7021 4.98181 10.2384 9.8801 9.27824 0.985766 4.42188 4.07697 8.85996 1.7693 7.09066 3.65967 5.98372 5.10953 2.37067 0.874193 2.70849 1.68106 1.20676 2.99877
internal_count=3471 2968 2751 161 104 69 63 57 2590 55 2589 485 503 488 453 55 217 197 434 92 342 179 291 250 412 41 130 82 60 145
is_linear=0
shrinkage=0.1


Tree=38
num_leaves=31
num_cat=0
split_feature=0 0 1 5 2 5 0 2 2 3 2 3 5 3 7 3 3 3 5 5 5 7 3 5 5 5 3 3 3 3
split_gain=14.0522 10.1284 6.6317 3.00545 0.0795216 0.0629337 0.0113182 0.00106293 0.00113299 0.000135202 4.7766e-05 1.57531e-05 5.96002e-06 4.98203e-06 3.80499e-06 5.01699e-06 3.33571e-06 4.96625e-06 3.99863e-06 2.6478e-06 1.96595e-06 1.64336e-06 1.14176e-06 5.98511e-07 5.55237e-07 8.12873e-07 5.3668e-07 4.30769e-07 6.12056e-07 5.27211e-07
threshold=19.500000000000004 29.500000000000004 12.500000000000002 0.42182505130767828 57473.000000000007 0.29147756099700933 27.000000000000004 19597.000000000004 56684.500000000007 57451.500000000007 62534.500000000007 57511.500000000007 0.033275485038757255 27160.000000000004 18174.000000000004 8684.5000000000018 2005.0000000000002 570.50000000000011 1.2040138244628908e-05 1.2516975402832033e-05 1.3947486877441408e-05 387.00000000000006 95.000000000000014 1.2516975402832033e-05 1.0490417480468752e-05 1.1563301086425783e-05 1781.0000000000002 681.50000000000011 4435.5000000000009 2033.0000000000002
decision_type=2 2 2 2 2 2 2 2 2 2 2 2 2 2 2 2 2 2 2 2 2 2 2 2 2 2 2 2 2 2
left_child=9 2 4 5 -2 6 7 11 16 12 -10 21 13 19 15 23 17 18 -9 22 -21 -4 -1 -3 26 -26 -24 -27 29 -29
right_child=1 14 3 -5 -6 -7 -8 8 10 -11 -12 -13 -14 -15 -16 -17 -18 -19 -20 20 -22 -23 24 -25 25 27 -28 28 -30 -31
leaf_value=0.10206033876522025 0.10163319909373346 0.10195783645193857 -0.10051041793753875 0.036738844148650612 0.14773630753506081 -0.15425397170830757 -0.12717333685487367 -0.1034329129499859 -0.10198715844250501 0.10400445085486135 -0.10052650254652494 -0.10143415478421536 0.1016093048807467 0.10230454174197845 0.10161390609547637 0.10232219587390674 -0.10348865735574629 -0.10394654310052831 -0.10379414857121094 0.10174680124006713 0.10198913699330273 -0.10089548466451957 0.10193397865076624 0.10184742227084859 0.1018865052554731 0.10202401139518674 0.10209887379659388 0.10194700030612046 0.10203876906099481 0.10179969020130464
leaf_weight=1.0036627035587953 0.6562088131904662 2.7187137342989445 10.727286785840997 1.7214956013485778 0.87036117911338806 0.2280125766992559 0.16801609098911185 0.63950233720242911 0.24993608146905932 0.32548096589744169 2.1478572962805629 0.18947219382971603 0.54546459671109992 0.37933881767094213 0.31259664427489031 0.37845965474843968 0.87639841623604287 0.65761473216116417 0.58834502939134836 1.1277626994997261 0.47608309611678112 0.11198817938566286 0.37155721709132183 0.59911953657865513 2.1766506470739841 0.93153810501098666 0.42104683443903923 0.72980243153870084 0.43004824221134175 0.36419014632701874
leaf_count=51 43 145 2124 34 4 1 1 20 14 15 414 14 35 19 20 18 27 19 22 67 25 14 20 34 120 48 21 39 22 21
internal_value=-0.00238075 -0.0430223 -0.0723264 -0.0890252 0.127919 -0.10208 -0.101352 -0.101084 -0.102269 0.102002 -0.100679 -0.10053 0.10193 0.10195 0.101949 0.101977 -0.10365 -0.103725 -0.103606 0.101934 0.101819 -0.100514 0.101962 0.101938 0.101944 0.101931 0.102022 0.10197 0.101938 0.101898
internal_weight=33.124 23.8414 19.8325 18.3059 1.52657 16.5844 16.3564 16.1884 5.15965 9.28263 2.39779 11.0287 8.95715 8.41168 4.00889 3.69629 2.76186 1.88546 1.22785 8.03234 1.60385 10.8393 6.4285 3.31783 5.42483 4.63223 0.792604 2.45558 1.52404 1.09399
internal_count=3471 2968 2751 2704 47 2670 2669 2668 516 503 428 2152 488 453 217 197 88 61 42 434 92 2138 342 179 291 250 41 130 82 60
is_linear=0
shrinkage=0.1


Tree=39
num_leaves=31
num_cat=0
split_feature=0 0 1 5 2 5 0 2 2 3 2 3 5 3 3 3 5 5 5 0 5 3 3 5 5 5 3 3 2 3
split_gain=12.6572 9.08261 5.89921 2.81619 0.0544716 0.0437746 0.00811833 0.000785221 0.000834979 0.000100889 3.52938e-05 1.16433e-05 4.39297e-06 3.70373e-06 2.51518e-06 3.6147e-06 3.0593e-06 1.94998e-06 1.44829e-06 1.21624e-06 9.82541e-07 1.77292e-06 8.41089e-07 4.09689e-07 4.08956e-07 5.98599e-07 3.9518e-07 3.57575e-07 3.19817e-07 3.17206e-07
threshold=19.500000000000004 29.500000000000004 12.500000000000002 0.42182505130767828 57473.000000000007 0.29147756099700933 27.000000000000004 19597.000000000004 56684.500000000007 57451.500000000007 62534.500000000007 57511.500000000007 0.033275485038757255 27160.000000000004 2005.0000000000002 570.50000000000011 1.2040138244628908e-05 1.2516975402832033e-05 1.3947486877441408e-05 20.500000000000004 1.1912584304809573 5954.5000000000009 95.000000000000014 1.2516975402832033e-05 1.0490417480468752e-05 1.1563301086425783e-05 1781.0000000000002 616.50000000000011 52812.000000000007 681.50000000000011
decision_type=2 2 2 2 2 2 2 2 2 2 2 2 2 2 2 2 2 2 2 2 2 2 2 2 2 2 2 2 2 2
left_child=9 2 4 5 -2 6 7 11 14 12 -10 19 13 17 15 16 -9 22 -19 -4 21 23 -1 27 26 -26 -24 28 -3 -27
right_child=1 20 3 -5 -6 -7 -8 8 10 -11 -12 -13 -14 -15 -16 -17 -18 18 -20 -21 -22 -23 24 -25 25 29 -28 -29 -30 -31
leaf_value=0.10186047517525361 0.10147560769029462 0.10174567007122837 -0.10080973011228019 0.032946812914004024 0.14120848751414355 -0.14649858606955829 -0.12392833539760657 -0.10309565740298283 -0.1017949979101454 0.10362369190405162 -0.1004761539266868 -0.10129595432487792 0.10145381905391207 0.10208211591605683 -0.10314575193456058 -0.10355948678639103 -0.10342729083234986 0.10157782612674815 0.10179629900012528 -0.10046161778070878 0.10159013909870181 0.10195150542032171 0.1017465714047262 0.10166598228584077 0.10170377428458377 0.10182771177769218 0.1018951882441843 0.10172473089186673 0.10185187216832781 0.10174991286265074
leaf_weight=0.90984276309609402 0.59463746566326026 0.52082711178809471 0.10141290910541734 1.7273471383377899 0.82202164828777313 0.21665710210800249 0.15580132603645402 0.58044207841157847 0.22655669879168305 0.29553439468145448 1.9443859946914015 0.17166353203356344 0.49427468888461579 0.34394976869225491 0.79550000838935364 0.59714500606060017 0.53414866141974926 1.0220529949292538 0.43155229836702336 9.7109259073622507 0.31100331246852864 0.49066900182515372 0.33678660169243801 0.52610630635172118 1.9728734316304324 0.84443269111216102 0.38170172087848186 1.1627596803009508 0.62241556495428085 1.3814245751127598
leaf_count=51 43 31 14 34 4 1 1 20 14 15 414 14 35 19 27 19 22 67 25 2124 21 27 20 33 120 48 21 70 35 82
internal_value=-0.00237792 -0.0425693 -0.0714197 -0.0879807 0.124531 -0.101874 -0.101222 -0.10098 -0.10205 0.101809 -0.100614 -0.100479 0.101743 0.101761 -0.103293 -0.103361 -0.103255 0.101746 0.101643 -0.100465 0.10176 0.101776 0.101772 0.101746 0.101756 0.101744 0.101826 0.101764 0.101803 0.101779
internal_weight=30.2269 21.8124 18.1786 16.762 1.41666 15.0346 14.818 14.6622 4.67818 8.41443 2.17094 9.984 8.11889 7.62462 2.50724 1.71174 1.11459 7.28067 1.45361 9.81234 3.63378 3.32278 5.82706 2.83211 4.91722 4.19873 0.718488 2.306 1.14324 2.22586
internal_count=3471 2968 2751 2704 47 2670 2669 2668 516 503 428 2152 488 453 88 61 42 434 92 2138 217 196 342 169 291 250 41 136 66 130
is_linear=0
shrinkage=0.1


Tree=40
num_leaves=31
num_cat=0
split_feature=0 0 3 0 7 2 3 0 5 2 2 2 8 5 3 3 9 5 5 7 3 2 3 5 0 3 3 5 3 5
split_gain=11.0711 8.71648 5.30983 1.34388 0.910298 0.651622 0.323088 0.848421 0.0101711 0.00739183 0.000335393 0.000506889 0.000214865 9.16653e-05 4.98244e-05 1.24755e-05 9.96169e-06 2.71589e-06 2.63914e-06 2.32855e-06 2.30871e-06 1.23033e-06 8.64383e-07 1.17013e-06 8.62561e-07 5.16828e-07 4.59661e-07 3.4736e-07 4.32421e-07 3.49164e-07
threshold=19.500000000000004 21.500000000000004 95.000000000000014 43.500000000000007 3638.0000000000005 57869.000000000007 1869.5000000000002 29.500000000000004 185.45687448978427 57459.500000000007 19597.000000000004 65054.500000000007 73.500000000000014 1.34096896648407 57445.500000000007 57511.500000000007 0.010442948496626301 1.2516975402832033e-05 0.049831509590148856 14644.000000000002 8684.5000000000018 1856.0000000000002 50985.000000000007 1.3947486877441408e-05 20.500000000000004 95.000000000000014 438.50000000000006 1.0490417480468752e-05 2802.5000000000005 1.1563301086425783e-05
decision_type=2 2 2 2 2 2 2 2 2 2 2 2 2 2 2 2 2 2 2 2 2 2 2 2 2 2 2 2 2 2
left_child=14 8 3 4 12 6 9 -8 10 16 13 26 21 15 17 24 18 25 -4 20 -9 -3 23 -19 -2 -1 -12 28 -27 -29
right_child=1 2 5 -5 -6 -7 7 19 -10 -11 11 -13 -14 -15 -16 -17 -18 22 -20 -21 -22 -23 -24 -25 -26 27 -28 29 -30 -31
leaf_value=0.10167048771356456 -0.1007361536777935 -0.10041750576010933 0.10156927702135443 0.10165053647099064 0.1308086175360697 0.18747010221200899 -0.022857491061177158 0.10155838439826259 -0.12599997197543383 0.11616552096650626 -0.10274858219274824 -0.10043021318183945 -0.1025407762805139 -0.10329775329835773 0.10290491995428819 -0.10119332137125935 0.10203205522403279 0.10142261351829912 0.10120906825508702 0.10131493321202455 0.10187377505600617 -0.10081562921135548 0.10132117016253134 0.10162127874469246 -0.100417131220503 0.10157988064385966 -0.1028551581098639 0.10154235823548513 0.10173175085006292 0.1016015918258526
leaf_weight=0.82092075329274194 0.085840084590017685 2.2275182013399899 1.4985734960064299 0.42789182253181923 0.18005265295505513 0.63762624561786641 0.90337319485843215 0.81063567101955392 0.16376909613609392 0.41543887834995974 0.5951595734804872 1.695051808375865 0.61065754294395436 0.11448572948575009 0.28785825986415137 0.21592194121330965 0.48747334536164988 0.85581852495670296 0.23534471541643132 0.25619286857545365 0.32521180436015129 0.080425091087818035 0.38607019279152144 0.45362167712301016 6.6829461017623544 0.42784076742827881 1.2645049467682836 1.9414359582588079 0.33372174203395844 2.0417343750596046
leaf_count=51 13 538 99 27 1 3 9 54 1 15 23 399 38 4 17 19 28 62 20 20 19 13 30 29 1616 28 47 130 20 132
internal_value=-0.00150855 -0.0406004 0.0315472 -0.0644708 -0.0874105 0.0923408 0.0800427 0.0526113 -0.101268 0.103922 -0.100888 -0.101681 -0.100873 -0.100491 0.101615 -0.100445 0.101633 0.101563 0.10152 0.101587 0.101649 -0.100431 0.101453 0.101491 -0.100421 0.101597 -0.102821 0.101585 0.101646 0.101573
internal_weight=27.4631 19.9141 9.09642 3.52655 3.09865 5.56987 4.93224 2.29541 10.8177 2.63683 10.6539 3.55472 2.9186 7.09919 7.54902 6.98471 2.22139 7.26116 1.73392 1.39204 1.13585 2.30794 1.69551 1.30944 6.76879 5.56565 1.85966 4.74473 0.761563 3.98317
internal_count=3505 3006 884 617 590 267 264 102 2122 162 2121 469 589 1652 499 1648 147 482 119 93 73 551 121 91 1629 361 70 310 48 262
is_linear=0
shrinkage=0.1


Tree=41
num_leaves=31
num_cat=0
split_feature=0 0 3 0 6 6 7 5 1 4 1 3 3 8 3 5 3 1 3 0 6 5 5 5 5 3 3 3 5 3
split_gain=9.98521 7.88018 4.70841 1.21332 0.817602 0.335689 1.07547 0.799549 0.527432 0.0391148 0.00730726 0.00020881 0.000184653 0.000159418 8.09707e-05 5.32929e-05 3.71566e-05 1.78324e-05 7.30083e-06 4.86698e-06 3.1896e-06 2.99837e-06 2.02403e-06 2.00257e-06 9.11026e-07 7.66452e-07 1.37892e-06 6.37603e-07 8.62911e-07 3.8106e-07
threshold=19.500000000000004 21.500000000000004 95.000000000000014 43.500000000000007 30.000000000000004 7.0000000000000009 7653.0000000000009 1.0490417480468752e-05 31.500000000000004 1.0000000180025095e-35 31.500000000000004 95.000000000000014 10004.500000000002 73.500000000000014 60.000000000000007 0.14634299278259275 57445.500000000007 14.500000000000002 5045.5000000000009 20.500000000000004 73.500000000000014 8.9406967163085954e-06 0.0099099874496459527 1.2516975402832033e-05 2.2053718566894535e-05 50985.000000000007 57325.500000000007 50985.000000000007 1.3947486877441408e-05 95.000000000000014
decision_type=2 2 2 2 2 2 2 2 2 2 2 2 2 2 2 2 2 2 2 2 2 2 2 2 2 2 2 2 2 2
left_child=16 10 3 4 13 7 -7 -4 9 -9 11 14 18 24 -2 19 23 20 -13 -14 -8 -21 -16 29 -3 -23 -27 28 -25 -1
right_child=1 2 5 -5 -6 6 17 8 -10 -11 -12 12 15 -15 22 -17 -18 -19 -20 21 -22 25 -24 27 -26 26 -28 -29 -30 -31
leaf_value=0.10150901745883821 -0.10221602737783327 -0.10037761969576542 -0.014682708506995835 0.10149104296003437 0.12703104737406959 -0.081867485711618837 0.10158641424521149 0.10141422010396138 0.22079226726284845 0.13156544470234727 -0.12292196596973076 -0.1022948296939683 -0.10094167538946267 -0.102298508875768 -0.10039027495937569 -0.10296615098098703 0.10262878892404473 0.10212528902519631 -0.10177733087718091 -0.10103601299382439 0.10115824540087148 -0.10037514909861407 -0.1008885158588146 0.10128541028425893 -0.1007376780212571 -0.10086452054228234 -0.1003838349285098 0.10119386778315261 0.10146463516962489 0.10143150210531855
leaf_weight=0.74392125010490673 0.25489546870812763 2.0163170332089067 0.46547124162316356 0.38775001000612963 0.16751089692115773 0.4360488150268792 0.24647268187254645 2.0242152623832235 0.49245454370975483 0.54640161991119374 0.15170252323150712 1.3260004147887232 0.25041245250031319 0.55378775065764774 6.0404565937351435 0.096266849897801765 0.26113005541265 0.36048184800893068 0.34317110572010268 0.083966801408678404 0.59155456721782684 0.91970286425203063 0.082649393938481697 0.77537222392857053 0.072809987468644866 0.098244063556194305 0.15202712267637253 0.34974785987287749 0.41105528548359871 4.299360123462975
leaf_count=51 16 538 18 27 1 6 18 148 2 3 1 88 30 38 1606 4 17 19 38 17 53 247 14 62 13 21 40 30 29 310
internal_value=-0.00151265 -0.0402988 0.0310138 -0.0643327 -0.0872111 0.0900743 0.0526106 0.107429 0.125985 0.107823 -0.101145 -0.100803 -0.101453 -0.10079 -0.10047 -0.100685 0.101459 0.101537 -0.102188 -0.100539 0.101284 -0.100459 -0.100397 0.101412 -0.10039 -0.100417 -0.100573 0.101313 0.101348 0.101443
internal_weight=25.0014 18.1608 8.36128 3.19818 2.81043 5.1631 1.63456 3.52854 3.06307 2.57062 9.7995 9.64779 3.26979 2.64291 6.378 1.60062 6.84059 1.19851 1.66917 1.50435 0.838027 1.25394 6.12311 6.57946 2.08913 1.16997 0.250271 1.53618 1.18643 5.04328
internal_count=3505 3006 884 617 590 267 96 171 153 151 2122 2121 485 589 1636 359 499 90 126 355 71 325 1620 482 551 308 61 121 91 361
is_linear=0
shrinkage=0.1


Tree=42
num_leaves=31
num_cat=0
split_feature=0 0 2 0 8 8 7 5 6 5 6 2 2 5 8 5 5 0 0 9 5 5 5 5 5 5 5 5 2 5
split_gain=9.00388 7.1239 3.56819 1.14596 0.680994 1.35325 0.654303 0.219321 0.0887492 0.00526853 0.00193116 0.000183182 0.000275841 4.99963e-05 1.56069e-05 1.24639e-05 6.75753e-06 2.37579e-05 6.59324e-06 3.48981e-06 1.06846e-06 7.59822e-07 5.67475e-07 2.27368e-07 1.60378e-07 1.37163e-07 8.76923e-08 7.57591e-08 4.9826e-08 3.97426e-08
threshold=19.500000000000004 21.500000000000004 19597.000000000004 27.000000000000004 71.500000000000014 89.500000000000014 686.00000000000011 3.6478042602539069e-05 39.500000000000007 185.45687448978427 20.500000000000004 19597.000000000004 65054.500000000007 1.34096896648407 168.93775201612905 2.2053718566894535e-05 5.6505203247070319e-05 3.5000000000000004 20.500000000000004 0.010442948496626301 1.0490417480468752e-05 1.2516975402832033e-05 1.3947486877441408e-05 1.2516975402832033e-05 1.0490417480468752e-05 1.2040138244628908e-05 1.2040138244628908e-05 1.1086463928222658e-05 52812.000000000007 7.9870223999023454e-06
decision_type=2 2 2 2 2 2 2 2 2 2 2 2 2 2 2 2 2 2 2 2 2 2 2 2 2 2 2 2 2 2
left_child=16 9 3 10 7 -6 -7 20 -8 11 15 13 27 18 -10 -3 21 -18 -2 -16 -4 24 28 26 29 -26 -22 -13 -23 -1
right_child=1 2 4 -5 5 6 8 -9 14 -11 -12 12 -14 -15 19 -17 17 -19 -20 -21 23 22 -24 -25 25 -27 -28 -29 -30 -31
leaf_value=0.10137893002193564 -0.10086891240183149 -0.1003415521024522 0.10149748607830951 0.10155063415826451 -0.11618993715954362 0.011466998407739085 0.15850979240977892 0.19561843253453959 0.10211623128262393 -0.1202706411458105 -0.11411629657906752 -0.10232533482413225 -0.10035176964442108 -0.1026855494984065 0.10102400639430552 -0.10165724853625223 0.10105309812973629 0.10237645501050102 -0.100341242035572 0.10154491329196869 0.10128803184589651 0.10118016323076157 0.10131363492972197 0.10121754712474157 0.10128746602015817 0.10133912063148719 0.10134487128630587 -0.10228000647807529 0.10112610887142753 0.10132973130893133
leaf_weight=0.25405209418386476 0.24749916628934432 1.8250615727156398 0.26077529508620578 0.32394410576671351 0.46122093056328628 1.0018824473954739 0.40233810245990731 0.27497027069330204 0.32249997928738594 0.14013551175594408 0.10839907824993122 0.61930281482636951 1.3882627040147779 0.094298183917999157 0.31738374754786491 0.074959156103432067 0.29879766050726164 0.24847274925559759 5.475366928614676 0.21623696619644761 1.3634393857792022 0.44879759289324261 0.35736788157373667 0.4245385332033037 3.2400439772754912 0.61100989952683438 0.33890055585652579 0.91126509755849838 0.27502943947911263 0.46419436484575272
leaf_count=19 32 538 18 25 26 21 2 3 20 1 1 28 399 4 32 11 29 17 1616 16 109 39 28 36 259 47 26 42 25 36
internal_value=-0.00152565 -0.0399404 0.0303346 -0.072983 0.0750905 0.0399137 0.0717665 0.111046 0.119772 -0.101035 -0.101134 -0.100726 -0.101373 -0.100402 0.101567 -0.100393 0.101318 0.101654 -0.100364 0.101235 0.101306 0.101286 0.101211 0.101283 0.101304 0.101296 0.101299 -0.102298 0.10116 0.101347
internal_weight=22.7904 16.5927 7.71655 2.33236 5.38419 2.72156 2.26034 2.66262 1.25846 8.87613 2.00842 8.73599 2.91883 5.81716 0.856121 1.90002 6.19777 0.54727 5.72287 0.533621 2.38765 5.6505 1.08119 2.12688 4.5693 3.85105 1.70234 1.53057 0.723827 0.718246
internal_count=3505 3006 884 575 309 117 91 192 70 2122 550 2121 469 1652 68 549 499 46 1648 48 189 453 92 171 361 306 135 70 64 55
is_linear=0
shrinkage=0.1


Tree=43
num_leaves=31
num_cat=0
split_feature=2 2 7 5 3 10 2 8 1 3 1 5 9 5 3 5 3 3 2 3 3 3 3 5 5 3 3 5 3 3
split_gain=7.90104 3.20152 2.33598 0.443629 0.371099 0.952036 0.411918 0.227452 0.508591 0.182806 0.0876545 0.0610447 0.0542451 0.0261579 0.0225443 0.0269914 0.0214291 0.0201642 0.0145464 0.00753685 0.00647972 0.00605305 0.008949 0.0051796 0.00852616 0.00476687 0.0109286 0.00412934 0.044269 0.00385298
threshold=19597.000000000004 62534.500000000007 7653.0000000000009 7.0333480834960946e-06 74.000000000000014 1.0000000180025095e-35 57869.000000000007 175.11204013377929 14.500000000000002 57483.500000000007 13.500000000000002 1.1563301086425783e-05 0.29077551233556986 1.2516975402832033e-05 3638.5000000000005 1.1086463928222658e-05 2802.5000000000005 227.50000000000003 52812.000000000007 2033.0000000000002 9955.5000000000018 1721.5000000000002 1026.0000000000002 1.4424324035644533e-05 1.2993812561035158e-05 129.00000000000003 227.50000000000003 1.1563301086425783e-05 4599.5000000000009 24.500000000000004
decision_type=2 2 2 2 2 2 2 2 2 2 2 2 2 2 2 2 2 2 2 2 2 2 2 2 2 2 2 2 2 2
left_child=2 3 9 -2 5 -5 7 8 10 -1 -6 18 -9 14 15 16 -12 -15 -7 21 27 22 25 24 -19 -17 -27 28 -16 -13
right_child=1 -3 -4 4 6 11 -8 12 -10 -11 13 29 -14 17 20 19 -18 23 -20 -21 -22 -23 -24 -25 -26 26 -28 -29 -30 -31
leaf_value=-0.10050618584717833 -0.027851320434016419 -0.10036323059013844 0.10104431556508334 -0.10211557021484892 0.11880466817659628 0.063237830211787402 0.15578020748883492 0.10109359286685396 -0.027752461788238637 -0.025519581793537117 0.083329316275780607 0.10112522166763822 0.15746806151119103 0.058891030033970532 0.030028955264720839 0.047835859090512405 0.05631243133113352 0.10103923741480242 0.031804881868446259 0.076542883511905996 0.067528522564626728 0.047749894122595699 0.077189381718405448 0.10118940203315262 0.07770498159617352 0.07754265356478636 0.055997002232869887 0.046369704753947617 0.085976901972169992 0.084153094578316934
leaf_weight=6.8697030891198692 0.50938139110803504 1.3307972352486093 0.64950982574373473 0.44052311149425794 0.37567090010269844 0.31053320225328096 0.59300045669078905 0.41698417812585908 0.55125552229583252 0.34125394374132145 1.6715265754610311 0.33880228828638792 0.2889695493504405 0.28864500578492869 0.27935915905982234 0.28522719815373498 0.35613555554300536 0.22343489993363597 0.27995643299072981 0.34999192971736182 0.36662182305008162 0.30830585304647673 0.35268975049257267 0.25513175781816244 0.52342249639332294 0.33261234499514081 0.80565971322357655 0.58479802310466766 0.2864354969933629 0.22101720701903105
leaf_count=2181 22 409 66 32 10 24 3 42 16 25 143 31 5 25 21 22 28 22 20 31 29 24 29 22 46 27 62 45 24 19
internal_value=-0.00153507 0.04654 -0.0805966 0.0633989 0.0675915 0.0228924 0.0750798 0.0697046 0.0650138 -0.0969575 0.0717023 0.0707655 0.124169 0.0692683 0.0664815 0.070062 0.0785841 0.0821793 0.0483352 0.062964 0.0559512 0.0606841 0.0629292 0.088888 0.0846858 0.0593961 0.0622928 0.0522623 0.0583528 0.0944246
internal_weight=20.7874 12.9269 7.86047 11.5961 11.0867 1.59083 9.49588 8.90288 8.19692 7.21096 7.64567 1.15031 0.705954 7.27 5.97936 4.46215 2.02766 1.29063 0.59049 2.43449 1.51721 2.08449 1.77619 1.00199 0.746857 1.4235 1.13827 1.15059 0.565795 0.559819
internal_count=3505 1233 2272 824 802 126 676 673 626 2206 610 94 47 600 485 366 171 115 44 195 119 164 140 90 68 111 89 90 45 50
is_linear=0
shrinkage=0.1


Tree=44
num_leaves=31
num_cat=0
split_feature=0 0 3 0 1 9 6 6 1 0 1 2 2 8 9 3 2 1 3 9 9 9 3 9 0 3 3 3 9 9
split_gain=7.58754 6.01012 3.33241 0.918019 0.581203 0.518574 0.400443 0.705205 0.155757 0.0182352 0.00350856 0.000175987 0.000231928 8.32101e-05 3.34173e-05 3.17916e-05 2.5147e-05 2.49799e-05 5.04283e-06 1.47982e-06 8.26361e-07 5.97615e-07 3.80502e-07 3.29282e-07 2.58564e-07 2.2485e-07 2.50431e-07 1.98547e-07 1.57789e-07 1.71167e-07
threshold=19.500000000000004 21.500000000000004 95.000000000000014 43.500000000000007 12.500000000000002 1.0490417480468752e-05 7.0000000000000009 49.500000000000007 31.500000000000004 43.500000000000007 31.500000000000004 19597.000000000004 65054.500000000007 97.000000000000014 0.26603034938254011 57451.500000000007 51137.000000000007 14.500000000000002 57511.500000000007 1.2516975402832033e-05 0.13599747431270287 7.5101852416992196e-06 50985.000000000007 1.3947486877441408e-05 20.500000000000004 438.50000000000006 3347.5000000000005 95.000000000000014 1.2516975402832033e-05 1.1086463928222658e-05
decision_type=2 2 2 2 2 2 2 2 2 2 2 2 2 2 2 2 2 2 2 2 2 2 2 2 2 2 2 2 2 2
left_child=15 10 3 4 -3 -4 8 -8 9 -7 11 14 25 16 18 19 -6 20 24 21 -9 -1 23 -21 -2 -13 -27 -23 29 -11
right_child=1 2 5 -5 13 6 7 17 -10 28 -12 12 -14 -15 -16 -17 -18 -19 -20 22 -22 27 -24 -25 -26 26 -28 -29 -30 -31
leaf_value=0.10127121984484458 -0.10049229550023531 0.11804088336838175 -0.020576612258197135 0.1011275648159059 -0.10028235861709656 0.12367279624810899 -0.055903013984659425 0.10083062357516288 0.16967747228131835 0.10103950093899493 -0.11748162600340434 -0.10213522729194691 -0.10028779916242203 -0.10289613467122537 -0.10234531670886485 0.10243416204282173 -0.10128475286444194 0.10201626351310622 -0.10085924357517698 0.10096717680332826 0.10109672769542005 0.10115246640501296 0.10087851097083678 0.10109465858372196 -0.10027914845774076 -0.10226538764966558 -0.1021645965401435 0.10108779378193261 0.10101253244844687 0.10111857354049206
leaf_weight=0.20964665524661841 0.057644390501080056 0.12947706878185328 0.43212939798831929 0.29481838550418604 1.535508958622813 0.4640687555074704 0.42361144814640261 0.37154752481728792 0.47989720106124867 0.40648623369634129 0.12666070461273182 0.46633536834269784 1.1372504311148075 0.14990473724901687 0.081351219676434883 0.17874666769057501 0.29900473193265487 0.33156912308186293 0.15647496003657568 0.58689211867749669 0.17013683961704373 0.55993917118757996 0.2848476804792881 0.30944595113396645 4.4846025360748172 0.54025020450353622 0.45340130478143692 3.1184363141655922 0.30531298462301482 0.83841013442724943
leaf_count=17 13 1 18 27 550 3 12 46 2 40 1 23 399 8 4 14 31 20 19 62 18 50 33 29 1616 25 22 294 31 77
internal_value=-0.00155918 -0.0396802 0.0296795 -0.0641819 -0.0872371 0.083214 0.0950448 0.0499728 0.11848 0.106283 -0.100979 -0.100696 -0.101358 -0.100631 -0.100336 0.101123 -0.100446 0.101333 -0.100301 0.101077 0.100914 0.101107 0.100979 0.101011 -0.100282 -0.102193 -0.102219 0.101098 0.101077 0.101093
internal_weight=19.3838 14.1359 6.63188 2.40871 2.1139 4.22317 3.79104 1.29686 2.49418 2.01428 7.50397 7.37731 2.59724 1.98442 4.78007 5.24795 1.83451 0.873253 4.69872 5.06921 0.541684 3.88802 1.18119 0.896338 4.54225 1.45999 0.993652 3.67838 1.55021 1.2449
internal_count=3505 3006 884 617 590 267 249 96 153 151 2122 2121 469 589 1652 499 581 84 1648 485 64 361 124 91 1629 70 47 344 148 117
is_linear=0
shrinkage=0.1


Tree=45
num_leaves=31
num_cat=0
split_feature=2 2 7 0 0 3 0 0 10 7 7 1 7 10 1 5 9 7 1 5 5 8 5 3 5 5 3 3 3 3
split_gain=7.27358 2.71531 2.09759 0.97891 2.92848 0.759799 0.737502 0.442527 0.333446 0.337597 0.0957986 0.073744 0.0455145 0.0136924 0.00656187 3.48278e-05 6.50182e-06 3.94147e-06 2.75692e-06 2.18516e-06 7.15121e-07 6.31589e-07 5.14867e-07 2.13635e-07 2.13088e-07 1.32506e-07 9.59829e-08 1.10914e-07 8.37377e-08 1.41722e-07
threshold=51137.000000000007 62534.500000000007 8751.0000000000018 20.500000000000004 21.500000000000004 74.000000000000014 43.500000000000007 19.500000000000004 3.0000000000000004 14644.000000000002 7653.0000000000009 31.500000000000004 2455.0000000000005 1.0000000180025095e-35 31.500000000000004 1.6173514127731325 0.010442948496626301 293.00000000000006 13.500000000000002 1.0490417480468752e-05 1.2516975402832033e-05 393.86500000000007 7.5101852416992196e-06 95.000000000000014 1.3947486877441408e-05 1.1563301086425783e-05 2802.5000000000005 438.50000000000006 4599.5000000000009 2033.0000000000002
decision_type=2 2 2 2 2 2 2 2 2 2 2 2 2 2 2 2 2 2 2 2 2 2 2 2 2 2 2 2 2 2
left_child=2 3 7 20 26 6 -6 -1 11 -10 12 13 14 -7 15 17 19 -9 -3 -15 22 -4 -2 -24 -22 -25 27 -5 29 -27
right_child=1 18 21 4 5 8 -8 10 9 -11 -12 -13 -14 16 -16 -17 -18 -19 -20 -21 24 -23 23 25 -26 28 -28 -29 -30 -31
leaf_value=0.10390218704386747 0.10115735241077078 -0.10099068610643876 0.10078896997650365 -0.10197018616981866 -0.101913393501174 0.12091954427053925 0.10100841383165454 -0.10025263378598115 -0.056689523259542934 0.10090991286116634 -0.16432386724667566 0.14916857901605779 -0.048631438552665919 0.10130886055323469 -0.11428177280782209 -0.10207085473105854 0.10157948372568715 -0.10070527983456659 -0.10026069953816751 0.10097460112648216 0.10087626009819176 0.1010187429441306 0.1010548095938731 0.10096424933502696 0.10098101334341868 0.10101564467891377 -0.10194885323052041 -0.1020453229588551 0.10106375496155125 0.100923147170116
leaf_weight=0.10600878484547394 0.21388017572462414 0.0544350966811179 0.40306967496871937 0.37628570199012734 0.41762351617217053 0.42897267639637093 0.31359345465898514 5.2919890631455928 0.25762819359078992 0.28771995147690177 0.23821595311164845 0.44862358644604672 0.16976574528962363 0.22770907729864109 0.35729394108057011 0.1094202697277068 0.24013926833868038 0.19962855475023378 1.0435194105375547 1.38593826116994 0.64391586277633894 0.17011991934850812 0.53326685354113612 1.3957871682941916 0.27803701907396317 0.81418688129633643 0.39194983802735806 0.41110793501138687 0.22877842187881459 0.20795195922255516
leaf_count=3 19 8 52 20 31 3 32 2106 9 35 1 4 5 18 4 6 21 33 404 146 75 19 52 148 29 82 21 21 22 23
internal_value=-0.00374241 0.0485966 -0.0824945 0.0657993 0.0365241 0.0772818 -0.0148873 -0.0987321 0.0978498 0.0264583 -0.102106 0.112104 -0.0996877 0.10482 -0.101142 -0.100304 0.101094 -0.100269 -0.100297 0.101022 0.100986 0.100857 0.101007 0.100997 0.100908 0.100985 -0.101989 -0.102009 0.101009 0.100997
internal_weight=17.6466 10.6011 7.04551 9.5031 5.18729 4.00795 0.731217 6.47232 3.27673 0.545348 6.36631 2.73138 6.1281 2.28276 5.95833 5.60104 1.85379 5.49162 1.09795 1.61365 4.3158 0.57319 3.39385 3.17997 0.921953 2.6467 1.17934 0.787394 1.25092 1.02214
internal_count=3452 1223 2229 811 361 299 63 2158 236 44 2155 192 2154 188 2149 2145 185 2139 412 164 450 71 346 327 104 275 62 41 127 105
is_linear=0
shrinkage=0.1


Tree=46
num_leaves=31
num_cat=0
split_feature=3 3 9 3 3 3 7 1 7 3 3 3 8 5 3 3 5 5 3 5 3 5 6 3 3 5 5 3 4 3
split_gain=4.80558 1.89229 1.4128 0.754719 0.856115 0.545641 0.949161 0.224869 0.148147 0.0609378 0.199785 0.0894728 0.111079 0.116978 0.14724 0.0517697 0.167899 0.0328516 0.0158188 0.024594 0.0221144 0.0129748 0.0115088 0.0114193 0.015573 0.0095657 0.0209354 0.00905521 0.00615604 0.00540112
threshold=95.000000000000014 41.500000000000007 4.3306334972381597 1869.5000000000002 1952.0000000000002 10004.500000000002 2455.0000000000005 31.500000000000004 162.50000000000003 27160.000000000004 27358.000000000004 50985.000000000007 97.000000000000014 0.00077950954437250016 51327.000000000007 60.000000000000007 0.00046098232269285006 1.1563301086425783e-05 4599.5000000000009 1.1086463928222658e-05 2802.5000000000005 1.3470649719238283e-05 39.500000000000007 1721.5000000000002 1216.5000000000002 1.2516975402832033e-05 1.1563301086425783e-05 3638.5000000000005 1.0000000180025095e-35 227.50000000000003
decision_type=2 2 2 2 2 2 2 2 2 2 2 2 2 2 2 2 2 2 2 2 2 2 2 2 2 2 2 2 2 2
left_child=1 17 3 8 -5 7 9 18 21 -7 -11 -12 13 14 -13 16 -3 -1 19 27 -21 23 -10 24 29 26 -20 -6 -17 -2
right_child=2 15 -4 4 5 6 -8 -9 22 10 11 12 -14 -15 -16 28 -18 -19 25 20 -22 -23 -24 -25 -26 -27 -28 -29 -30 -31
leaf_value=0.047798126370961314 0.074073156613238614 0.015151328608132161 -0.13374703103471347 -0.11913047564989901 0.055198302580750404 -0.10022710279281528 0.10094569388972106 0.15827349678159214 0.12110301525670726 0.074495899220582432 -0.10026125201191093 0.044482098758570135 -0.10104242470535008 0.083077093603586158 -0.10023041801336574 -0.092857327042402835 -0.10131547080610979 0.086491985238746238 0.057324792828262021 0.055216960780368918 0.089482837962256728 0.091905881554352739 0.1011448640010211 0.086255427015496239 0.043664596344273998 0.063754865454697038 0.022968038206353972 0.029785566691394063 -0.10026956713658249 0.064099965039201165
leaf_weight=0.53149476228282111 0.87338175950571706 0.1835131300613283 0.44029267877340394 0.39125651866197575 0.52090298896655507 0.2351169972680508 0.56941107101738442 0.2326240837574004 0.56346847116947152 0.12546028196811654 0.34527417900972068 0.12136077368631959 0.17977097118273377 0.10697296960279346 0.16714266035705805 3.305181170348078 0.38025863189250231 0.37368883099406958 0.34116076049394894 0.34001561952754855 0.42222652933560312 0.22850884357467283 0.59299402264878154 0.28239810629747797 0.30030483426526178 0.21002968377433717 0.36940523982048035 0.19185965321958065 1.6951369424350557 1.4355878937058149
leaf_count=52 98 16 4 4 56 104 73 1 4 13 148 12 26 5 73 1393 40 47 45 38 58 29 67 32 34 30 41 17 733 159
internal_value=-0.00371882 -0.0703172 0.0412219 0.0496444 0.0227259 0.0351183 -0.00647861 0.0644064 0.0802975 -0.0542256 -0.0438853 -0.0600198 -0.0358661 -0.00623904 -0.0393562 -0.0921312 -0.0634044 0.0637722 0.0552914 0.0617112 0.0741978 0.0689664 0.110869 0.0671536 0.0650863 0.0450055 0.0394636 0.0483578 -0.0953701 0.0678724
internal_weight=16.0562 6.46927 9.58693 9.14663 4.86999 4.47873 1.85051 2.62822 4.27664 1.2811 1.04598 0.920522 0.575247 0.395476 0.288503 5.56409 0.563772 0.905184 2.3956 1.475 0.762242 3.12018 1.15646 2.89167 2.60927 0.920596 0.710566 0.712763 5.00032 2.30897
internal_count=3452 2281 1171 1167 744 740 454 286 423 381 277 264 116 90 85 2182 56 99 285 169 96 352 71 323 291 116 86 73 2126 257
is_linear=0
shrinkage=0.1


Tree=47
num_leaves=31
num_cat=0
split_feature=2 2 3 2 3 1 10 2 5 7 5 3 2 5 5 3 3 3 5 3 2 3 5 3 3 3 3 3 1 3
split_gain=5.83737 2.2276 1.70736 0.553145 0.25686 0.731323 0.275626 0.426372 0.0851962 0.0456224 0.0414838 0.0114427 0.0112606 0.0145458 0.00642713 0.00553985 0.00833794 0.0129531 0.0122731 0.0177924 0.0143097 0.0061399 0.00589359 0.00463317 0.0190004 0.0147126 0.00895476 0.00392387 0.00374353 0.00319704
threshold=51137.000000000007 62534.500000000007 51668.500000000007 60.000000000000007 74.000000000000014 13.500000000000002 1.0000000180025095e-35 57473.000000000007 1.4424324035644533e-05 7653.0000000000009 1.1563301086425783e-05 4435.5000000000009 52812.000000000007 1.1563301086425783e-05 1.2040138244628908e-05 3490.0000000000005 1952.0000000000002 2033.0000000000002 1.1563301086425783e-05 110.50000000000001 52812.000000000007 1216.5000000000002 1.1086463928222658e-05 1077.0000000000002 994.00000000000011 438.50000000000006 129.00000000000003 570.50000000000011 29.500000000000004 21.500000000000004
decision_type=2 2 2 2 2 2 2 2 2 2 2 2 2 2 2 2 2 2 2 2 2 2 2 2 2 2 2 2 2 2
left_child=2 4 9 -4 5 -2 -6 8 11 28 29 15 13 -13 -12 16 18 -18 23 -20 21 -21 -19 24 25 26 -8 -22 -1 -7
right_child=1 -3 3 -5 6 10 7 -9 -10 -11 14 12 -14 -15 -16 -17 17 22 19 20 27 -23 -24 -25 -26 -27 -28 -29 -30 -31
leaf_value=-0.1002280962030539 -0.10165643882989893 -0.10025640750852127 -0.10092135268655256 0.1012063377945 0.12800101369393257 0.039663389739466162 0.084386040065062159 -0.081179155508312215 0.10088450745713871 -0.14774430419795176 0.075260740313797703 0.08537247630482328 0.045527724350497505 0.052565256710350519 0.10077789878156147 0.07887221066045777 0.036995451627558289 0.054741356293934097 0.033241614594408858 0.062353502415041707 0.070950410265962258 0.042647363374271857 0.074457586428956307 0.08699394497374692 0.04527372127832939 0.10089952973229017 0.058128010132769171 0.087137121372859991 -0.11043920401160955 0.055350661691685135
leaf_weight=4.4473225465044388 0.34992377227172256 0.9338630838319667 0.17444621166214336 0.60472853062674403 0.74140225350856681 0.21888357214629273 0.24302346073091186 0.19725813623517741 0.70541457086801518 0.21872583031654347 0.16023584920912981 0.2195545178838072 0.59591666189953685 0.35151596274226904 0.25706393038854003 0.32596305897459377 0.24202104751020659 0.31086193071678281 0.18710919050499786 0.70858192071318604 0.36029618373140693 0.20352254202589393 0.29595054173842072 0.27092840662226081 0.2058738530613482 0.22592569421976805 0.27895496878772974 0.25629017641767859 0.39056466333568085 0.31961113680154085
leaf_count=2118 31 412 28 76 5 20 27 3 91 1 19 24 60 36 34 37 25 33 17 78 40 21 37 32 22 26 31 30 6 32
internal_value=-0.00366303 0.0461106 -0.0818396 0.0559528 0.0627147 0.0220309 0.0703842 0.0634776 0.0682431 -0.103072 0.0673138 0.0638841 0.0551439 0.0651784 0.0909798 0.0663625 0.0652865 0.0565558 0.0678067 0.0623485 0.0659112 0.0579564 0.0643572 0.0754536 0.0721755 0.0795806 0.0703533 0.0776786 -0.101052 0.0489742
internal_weight=15.0017 9.16595 5.83579 0.779175 8.23208 1.30572 6.92637 6.18496 5.9877 5.05661 0.955794 5.28229 1.16699 0.57107 0.4173 4.1153 3.78934 0.848834 2.94051 1.7158 1.52869 0.912104 0.606812 1.22471 0.953778 0.747904 0.521978 0.616586 4.83789 0.538495
internal_count=3452 1223 2229 104 811 136 675 670 667 2125 105 576 120 60 53 456 419 95 324 186 169 99 70 138 106 84 58 70 2124 52
is_linear=0
shrinkage=0.1


Tree=48
num_leaves=31
num_cat=0
split_feature=0 0 8 2 3 10 2 5 9 2 2 3 5 3 5 3 5 3 3 5 5 3 3 3 0 3 5 3 5 5
split_gain=5.7017 4.24756 1.6436 1.38628 1.01216 0.271684 0.306028 0.0147823 0.00476001 0.000154968 0.000154347 8.48184e-06 8.15952e-07 1.21012e-06 7.28815e-07 6.39376e-07 4.46645e-07 2.38866e-07 2.24772e-07 2.24645e-07 1.68965e-07 1.39969e-07 1.33475e-07 9.2058e-08 6.70535e-08 6.66039e-08 6.65215e-08 5.584e-08 5.05949e-08 3.1955e-08
threshold=19.500000000000004 29.500000000000004 63.000000000000007 51137.000000000007 118.00000000000001 3.0000000000000004 57459.500000000007 116.70281803607944 0.00083711437276890019 52695.000000000007 65054.500000000007 57445.500000000007 1.0490417480468752e-05 54700.000000000007 0.033275485038757255 9955.5000000000018 1.2516975402832033e-05 2802.5000000000005 95.000000000000014 8.4638595581054704e-06 0.0076789855957031007 438.50000000000006 4435.5000000000009 95.000000000000014 16.500000000000004 10004.500000000002 1.3947486877441408e-05 5887.5000000000009 1.2040138244628908e-05 1.2516975402832033e-05
decision_type=2 2 2 2 2 2 2 2 2 2 2 2 2 2 2 2 2 2 2 2 2 2 2 2 2 2 2 2 2 2
left_child=11 2 9 7 -5 -6 -7 8 -4 20 17 14 -3 23 15 16 18 21 24 -20 -2 -11 28 -14 -1 -12 -18 29 -21 -25
right_child=1 12 3 4 5 6 -8 -9 -10 10 25 -13 13 -15 -16 -17 26 -19 19 22 -22 -23 -24 27 -26 -27 -28 -29 -30 -31
leaf_value=0.10082959216322043 -0.1001876674696896 0.1010267032409241 -0.10865591454820195 -0.10141529015116345 0.11941597067260468 0.10082593555309174 -0.066962236317013507 -0.12520494246972544 -0.087050091605860899 -0.10198705601509295 -0.10025246045226516 0.10153438518350894 0.10083527892640907 0.10109396848708355 0.10058782083332139 0.10097279039525764 0.10069609359506389 -0.10193558286334536 0.10090420411072515 0.10076509246518058 -0.10039433116134272 -0.10207120502329939 0.10084686648529256 0.10076840939651638 0.10090729612067856 -0.10018647105478613 0.10076278554351725 0.10081388078542515 0.1008134783341505 0.10072074322000107
leaf_weight=0.20945144118741454 3.9110572600038709 0.19958115369081397 0.20996698271483216 0.35881914594210673 0.89402015088126041 0.23504570871591568 0.2022270355373621 0.40046501718461514 0.19824362453073263 0.37638657167553879 0.20552252233028401 0.15860894042998541 0.27265192475169886 0.13791735237464298 0.17428740439936508 0.19606979843229044 0.49061878444626916 0.38912797346711159 0.16645368654280934 1.4182474063709376 0.039965472184121498 0.41628804057836533 0.28172297636046995 0.69286807021126129 0.2363934782333672 0.59793991036713123 0.21514459792524576 0.2327772662974894 0.25495665986090887 0.17646283376961946
leaf_count=26 2092 20 9 39 29 35 9 5 33 20 82 20 34 18 30 23 72 21 19 189 15 21 34 92 27 322 29 30 32 25
internal_value=-0.00362908 -0.042763 -0.0719127 -0.00387541 0.0476463 0.0878225 0.0232284 -0.111555 -0.0981633 -0.100552 -0.101273 0.100819 0.100837 0.100812 0.100787 0.100797 0.100787 -0.102 0.100806 0.100793 -0.10019 -0.102031 0.100783 0.100783 0.100871 -0.100203 0.100716 0.10077 0.100772 0.100759
internal_weight=13.9493 10.1473 8.43508 2.49879 1.69011 1.33129 0.437273 0.808676 0.408211 5.93629 1.98527 3.80196 1.71226 1.51268 3.64335 3.46906 3.27299 1.1818 2.56723 2.12138 3.95102 0.792675 1.95493 1.37476 0.445845 0.803462 0.705763 1.10211 1.6732 0.869331
internal_count=3452 2951 2732 159 112 73 44 47 42 2573 466 501 219 199 481 451 428 62 327 274 2107 41 255 181 53 404 101 147 221 117
is_linear=0
shrinkage=0.1


Tree=49
num_leaves=31
num_cat=0
split_feature=0 0 1 9 2 5 5 3 0 2 2 3 5 0 2 9 5 5 3 5 2 3 5 3 3 0 3 5 5 3
split_gain=5.14733 3.8267 1.89267 0.923061 0.9853 0.0285568 0.00604497 0.00205279 0.00137585 0.000153931 0.000135561 6.31265e-06 2.48229e-06 2.38549e-06 9.50142e-07 6.02579e-07 7.69951e-07 5.38884e-07 4.74375e-07 3.30078e-07 2.76979e-07 1.66162e-07 1.66031e-07 9.86394e-08 7.25393e-08 4.95617e-08 4.9314e-08 4.91826e-08 4.36927e-08 4.70742e-08
threshold=19.500000000000004 29.500000000000004 12.500000000000002 0.0082392378857261018 51137.000000000007 0.47824513912200933 0.29147756099700933 438.50000000000006 27.000000000000004 19597.000000000004 56684.500000000007 57445.500000000007 1.1086463928222658e-05 21.500000000000004 737.50000000000011 0.0063227218929648504 1.0490417480468752e-05 0.033275485038757255 9955.5000000000018 1.2516975402832033e-05 52812.000000000007 95.000000000000014 8.4638595581054704e-06 4435.5000000000009 95.000000000000014 16.500000000000004 10004.500000000002 1.3947486877441408e-05 1.2516975402832033e-05 4435.5000000000009
decision_type=2 2 2 2 2 2 2 2 2 2 2 2 2 2 2 2 2 2 2 2 2 2 2 2 2 2 2 2 2 2
left_child=11 2 7 6 -5 -6 8 -2 9 14 12 17 -11 26 -4 16 -3 18 19 21 -14 25 -23 -24 -18 -1 -12 -21 29 -26
right_child=1 15 3 4 5 -7 -8 -9 -10 10 13 -13 20 -15 -16 -17 24 -19 -20 27 -22 22 23 -25 28 -27 -28 -29 -30 -31
leaf_value=0.10075003661350448 0.11282431688703053 0.10092806311633325 -0.10050249388698432 -0.11102333373178785 0.090992975168292842 0.049180934207523348 -0.12142142618479629 0.10054382943950986 -0.11247998705696774 -0.10206516635141349 -0.10022837838756121 0.10138894965742989 -0.10172358902122976 -0.10079972219938381 -0.10016993987388299 0.10094187406944291 0.10075519193108749 0.10053156838786843 0.10087971942979723 0.10062942131092999 -0.10184769139219935 0.1008174349496567 0.10069842043635775 0.10076563379622681 0.10069373692936626 0.10082023879689937 -0.10016869165053424 0.10068968658882059 0.10065429035846372 0.10075783401964045
leaf_weight=0.18966153729707302 0.30203863233327766 0.18075601290911425 0.088039225665851872 0.4990280953934414 0.40422747796401381 0.27411155728623271 0.14529737830162037 0.24778351304121315 0.098642386496066936 0.54158746730536245 0.1860068782698362 0.14371069567278016 0.38249459420330822 0.068873800453729928 3.5590518738608807 0.15753019880503405 0.24689178820699431 0.15778551809489716 0.17756664333865035 0.44420940289273847 0.33943483838811517 0.15073655638843764 1.5150342723354695 0.25510853715240944 0.61283750692382455 0.21407296694815159 0.54112954542506486 0.19480502139776945 0.21154201589524746 0.14092804677784443
leaf_count=26 3 20 20 27 16 24 1 48 1 29 82 20 26 10 2102 23 34 30 23 72 21 19 221 34 90 27 322 29 33 19
internal_value=-0.00361093 -0.0425402 -0.0714783 -0.0852679 -0.00436639 0.0740971 -0.101275 0.10729 -0.100771 -0.100568 -0.101259 0.10074 -0.101903 -0.100237 -0.100178 0.100756 0.100736 0.100712 0.100721 0.100711 -0.101782 0.100729 0.100717 0.100708 0.100707 0.100787 -0.100184 0.100648 0.100694 0.100706
internal_weight=12.6709 9.22823 7.67775 7.12793 1.17737 0.678339 5.95056 0.549822 5.80526 5.70662 2.05953 3.44269 1.26352 0.79601 3.64709 1.55049 1.39296 3.29898 3.14119 2.96363 0.721929 2.32461 1.92088 1.77014 1.2122 0.403735 0.727136 0.639014 0.965308 0.753766
internal_count=3452 2951 2732 2681 67 40 2614 51 2613 2612 490 501 76 414 2122 219 196 481 451 428 47 327 274 255 176 53 404 101 142 109
is_linear=0
shrinkage=0.1


Tree=50
num_leaves=31
num_cat=0
split_feature=0 0 3 9 9 0 1 10 8 1 4 1 3 3 3 8 3 9 0 3 9 3 3 9 9 6 0 3 9 3
split_gain=4.41506 3.56357 1.41966 1.05695 0.62816 0.565148 0.600639 0.278252 0.250077 0.114747 0.00261546 0.000459619 5.99298e-05 4.90168e-05 2.97564e-05 2.09541e-05 1.35214e-05 5.85643e-06 4.25222e-06 2.18728e-06 9.7725e-07 9.11755e-07 1.68939e-06 1.30487e-06 8.82557e-07 4.84978e-07 4.02726e-07 3.08926e-07 2.89944e-07 1.62391e-07
threshold=19.500000000000004 21.500000000000004 95.000000000000014 4.3306334972381597 6.5565109252929696e-06 43.500000000000007 12.500000000000002 3.0000000000000004 143.6136363636364 31.500000000000004 1.0000000180025095e-35 31.500000000000004 95.000000000000014 10004.500000000002 74.000000000000014 77.416666666666671 57451.500000000007 0.26603034938254011 29.500000000000004 3011.5000000000005 0.00025633970896400004 50985.000000000007 54369.500000000007 8.9406967163085954e-06 1.1086463928222658e-05 30.000000000000004 20.500000000000004 9955.5000000000018 1.2516975402832033e-05 95.000000000000014
decision_type=2 2 2 2 2 2 2 2 2 2 2 2 2 2 2 2 2 2 2 2 2 2 2 2 2 2 2 2 2 2
left_child=16 11 5 4 -4 6 -3 9 -9 10 18 12 14 19 -2 20 25 21 -6 -14 -8 23 -23 -15 -21 27 -24 28 29 -1
right_child=1 2 3 -5 7 -7 15 8 -10 -11 -12 -13 13 17 -16 -17 -18 -19 -20 24 -22 22 26 -25 -26 -27 -28 -29 -30 -31
leaf_value=0.10071948044237414 -0.10150555576473297 0.1199637248177776 -0.10795516643506183 -0.12515840846064244 0.10119047234992871 0.10070256232853998 -0.10015485783536655 -0.063017037939007148 0.10058232172853608 0.1587711711005857 0.11145626629623313 -0.10857604581390611 -0.10155842263347939 -0.10082112713402713 -0.10016597801662371 -0.10119254275162591 0.10173473110041518 -0.10139952425868277 0.10065075259836326 -0.10138359384015322 -0.10063524830376402 -0.10092726059678461 -0.10045176620159518 -0.10015284901379395 -0.10104904930806868 0.10047808043882381 -0.10015422811432513 0.10078536409463346 0.10057836744620924 0.10064601450655392
leaf_weight=0.36265554232523145 0.17800601990893339 0.13872079551219907 0.1527302414178856 0.25420647021383036 0.16830475255847055 0.20943911280482996 0.82896212418563664 0.1797682843171059 0.19455758947879076 0.47658788179978717 0.27647814154624928 0.072747632861137279 0.69974358659237601 0.031637806212529429 2.4227734070736915 0.26638902444392443 0.1170918634161352 0.051690667867660522 1.1002598102204499 0.18941927445121109 0.0446260841563344 0.056476485566236079 0.089891721261665225 0.38204365863930434 0.13509792555123568 0.17517470382153977 0.092098454828374088 0.15808334434404958 0.57256052363663901 1.7662630490958688
leaf_count=52 16 1 3 3 21 31 538 7 37 5 3 1 73 12 1566 36 13 4 177 26 8 17 22 251 29 37 60 23 101 279
internal_value=-0.000712104 -0.0374755 0.0273718 0.069283 0.0886767 -0.0515676 -0.076508 0.101211 0.0220145 0.115875 0.102643 -0.100693 -0.100561 -0.101017 -0.100258 -0.100416 0.10068 -0.100375 0.100722 -0.101459 -0.100179 -0.100294 -0.100449 -0.100204 -0.101244 0.10064 -0.100301 0.100649 0.100642 0.100659
internal_weight=11.8445 8.69266 4.29103 2.80289 2.54869 1.48814 1.2787 2.39596 0.374326 2.02163 1.54504 4.40163 4.32888 1.7281 2.60078 1.13998 3.15183 0.703839 1.26856 1.02426 0.873588 0.652148 0.238467 0.413681 0.324517 3.03474 0.18199 2.85956 2.70148 2.12892
internal_count=3452 2947 870 256 253 614 583 250 44 206 201 2077 2076 494 1582 582 505 366 198 128 546 362 99 263 55 492 82 455 432 331
is_linear=0
shrinkage=0.1


Tree=51
num_leaves=31
num_cat=0
split_feature=2 2 6 9 8 7 1 1 3 2 2 7 9 9 3 3 3 3 3 9 3 3 3 9 3 9 2 3 3 3
split_gain=3.57184 1.37445 1.09044 0.374356 0.313505 0.191928 0.568326 0.264038 0.151736 0.109691 0.0583079 0.0132661 0.011165 0.0110341 0.0247669 0.00827088 0.00775433 0.00646066 0.00510348 0.0152727 0.0163843 0.00596619 0.00997458 0.0243304 0.00789574 0.00436238 0.00297614 0.00817601 0.0134516 0.0118418
threshold=19597.000000000004 62534.500000000007 30.000000000000004 6.5565109252929696e-06 175.11204013377929 286.00000000000006 12.500000000000002 19.500000000000004 57279.000000000007 57473.000000000007 52966.500000000007 7653.0000000000009 8.4638595581054704e-06 1.2516975402832033e-05 1721.5000000000002 8684.5000000000018 227.50000000000003 994.00000000000011 3144.5000000000005 1.1086463928222658e-05 4599.5000000000009 2564.0000000000005 2005.0000000000002 1.0490417480468752e-05 21.500000000000004 1.3947486877441408e-05 52812.000000000007 1028.5000000000002 331.00000000000006 95.000000000000014
decision_type=2 2 2 2 2 2 2 2 2 2 2 2 2 2 2 2 2 2 2 2 2 2 2 2 2 2 2 2 2 2
left_child=2 3 8 -2 5 9 -7 -8 11 12 -6 -1 -5 15 16 18 -15 -18 21 -20 -21 22 23 -14 -25 -16 -26 28 29 -28
right_child=1 -3 -4 4 10 6 7 -9 -10 -11 -12 -13 13 14 25 -17 17 -19 19 20 -22 -23 -24 24 26 -27 27 -29 -30 -31
leaf_value=-0.10024348472036865 -0.077928216403707951 -0.10016530028916615 0.10052674206237347 0.083794299833187424 0.17250304202768513 0.11203916423014855 -0.10724487090943957 0.035374449197420117 -0.010729841346493246 0.12384983095579367 0.10053034876424023 -0.12869516372668952 0.085886404421167142 0.043889058863797688 0.10049389205468429 0.036687041242763445 0.079924222240193438 0.049010301174180301 0.047425508468111222 0.10053452511338763 0.056877756021728634 0.032733580839012379 0.079857131836060746 0.026559393959406055 0.054844998689411853 0.075366669960214017 0.06085738649304772 0.029737950630349976 0.069136269144276355 0.029075688377295756
leaf_weight=3.0287845185957862 0.20586811611428846 0.62866530148312438 0.3059627735055982 0.15122371772304166 0.24364793300628651 0.3383743220474571 0.33937348541803647 0.21022008312866092 0.19411563524045039 0.25976113229989994 0.20921775326132774 0.17325441539287556 0.20165700046345802 0.31762331211939443 0.17081002332270145 0.26438562013208855 0.15910957613959908 0.11754785524681211 0.32910500420257438 0.16322033386677504 0.18162495037540793 0.13654744531959284 0.14288374595344056 0.13945692079141769 1.0548731074668469 0.11602599220350385 0.19599670823663462 0.21074092900380492 0.28686555009335279 0.29174778843298554
leaf_count=2118 10 417 67 22 1 11 35 15 24 2 44 1 32 51 35 36 28 18 47 31 25 20 24 18 159 19 28 29 45 40
internal_value=-0.000719767 0.0409657 -0.0802887 0.0547473 0.05913 0.0528515 0.0100809 -0.0526928 -0.0965786 0.0606162 0.139253 -0.101783 0.0570697 0.0561676 0.0661976 0.0537121 0.0545499 0.0667893 0.0550619 0.062835 0.0775411 0.0530931 0.0541944 0.0526546 0.0495801 0.0903299 0.0511537 0.0472019 0.0519531 0.0418469
internal_weight=10.7687 7.06657 3.70212 6.43791 6.23204 5.77917 0.887968 0.549594 3.39615 4.89121 0.452866 3.20204 4.63145 4.48022 0.881117 3.59911 0.594281 0.276657 3.33472 0.67395 0.344845 2.66077 2.52422 2.38134 2.17968 0.286836 2.04022 0.985351 0.77461 0.487744
internal_count=3452 1242 2210 825 815 770 61 50 2143 709 45 2119 707 685 151 534 97 46 498 103 56 395 375 351 319 54 301 142 113 68
is_linear=0
shrinkage=0.1


Tree=52
num_leaves=31
num_cat=0
split_feature=0 0 2 3 5 0 0 10 5 2 2 7 4 1 7 2 2 3 5 1 5 3 5 2 3 5 3 3 3 5
split_gain=3.77301 3.03656 1.69847 0.470198 0.517951 0.382528 0.376742 0.154547 0.182818 0.0634312 0.00887873 0.00810063 0.00135863 0.000369341 0.000104311 7.27318e-05 7.21343e-05 1.13368e-05 7.36714e-06 4.77455e-06 4.5216e-06 6.37033e-07 3.71864e-07 3.05598e-07 2.80136e-07 2.13141e-07 1.36534e-07 1.40375e-07 1.04075e-07 8.81719e-08
threshold=19.500000000000004 21.500000000000004 19597.000000000004 74.000000000000014 6.5565109252929696e-06 27.000000000000004 43.500000000000007 3.0000000000000004 0.29147756099700933 52695.000000000007 60944.500000000007 7653.0000000000009 1.0000000180025095e-35 31.500000000000004 5939.5000000000009 52695.000000000007 65054.500000000007 57451.500000000007 1.34096896648407 19.500000000000004 0.0061779022216796511 57511.500000000007 0.033275485038757255 1840.5000000000002 9955.5000000000018 1.2516975402832033e-05 2802.5000000000005 331.00000000000006 110.50000000000001 8.4638595581054704e-06
decision_type=2 2 2 2 2 2 2 2 2 2 2 2 2 2 2 2 2 2 2 2 2 2 2 2 2 2 2 2 2 2
left_child=17 13 5 6 -5 11 20 9 -9 -6 12 14 19 15 23 18 26 22 21 -11 -4 -2 24 -3 25 28 27 -17 -1 -30
right_child=1 2 3 4 7 -7 -8 8 -10 10 -12 -13 -14 -15 -16 16 -18 -19 -20 -21 -22 -23 -24 -25 -26 -27 -28 -29 29 -31
leaf_value=0.10061394622751743 -0.10012645445640125 -0.10012625740318806 -0.10151607606553939 -0.10664230041429759 0.16101536560101015 0.10063416973432467 0.10056573374299749 0.1083294642583158 -0.020352556148950252 0.10055810111024817 0.12673151284165488 -0.12522999723797615 0.10913031468987673 -0.10797069192643921 -0.10506501511490168 -0.101536835629503 -0.10013582354467475 0.10161523272380456 -0.10121533924649062 0.10123126434360873 -0.10065919897454086 -0.10043868960409552 0.10039102702164274 -0.10045658138556308 0.10069533740411477 0.10048946661872107 -0.10150228324432042 -0.10162465545402054 0.10063847235739126 0.10054569449211204
leaf_weight=0.3401609291322546 1.9825141798937709 0.65738316357601467 0.098530105780810451 0.13001331314444575 0.23534476757049594 0.10075219161808491 0.1433427706360817 0.22947826329618681 0.21276816492900252 0.92295927740633465 0.16643866896629322 0.16087940335273743 0.2297646403312682 0.0683729127049445 0.045884333550930023 0.3528596283867953 0.54419322754256416 0.10340578947216261 0.065344655886292347 0.11894221697002649 0.16422310448251665 0.067569988081231602 0.14352546865120519 0.029253563494421542 0.13745182612910856 0.48496217699721444 0.30321319773793221 0.37592670973390341 0.11069339187815774 1.3727140398696063
leaf_count=57 1576 522 11 3 1 21 26 30 15 172 1 1 3 1 1 24 409 13 6 13 34 16 37 16 23 101 21 24 18 256
internal_value=-0.000776301 -0.037634 0.0273922 0.0691829 0.0870892 -0.0840803 -0.0298392 0.0989944 0.0464196 0.112888 0.105013 -0.104911 0.10217 -0.100688 -0.100449 -0.100553 -0.101067 0.100588 -0.10017 0.100635 -0.100981 -0.100137 0.100547 -0.10014 0.100557 0.100548 -0.101559 -0.101582 0.100564 0.100553
internal_weight=10.0989 7.40595 3.64596 2.65181 2.24571 0.994153 0.406096 2.1157 0.442246 1.67345 1.4381 0.8934 1.27167 3.75999 0.732521 3.69162 1.57619 2.69291 2.11543 1.0419 0.262753 2.05008 2.58951 0.686637 2.44598 2.30853 1.032 0.728786 1.82357 1.48341
internal_count=3452 2947 870 309 238 561 71 235 45 190 189 540 188 2077 539 2076 478 505 1598 185 45 1592 492 538 455 432 69 48 331 274
is_linear=0
shrinkage=0.1


Tree=53
num_leaves=31
num_cat=0
split_feature=0 0 3 9 5 0 7 10 8 1 4 1 3 3 3 8 3 5 0 8 3 3 3 5 5 5 5 0 3 5
split_gain=3.40661 2.74728 1.00981 0.741085 0.454679 0.433445 0.444328 0.218621 0.294597 0.0390775 0.00100443 0.0002709 3.81421e-05 3.01929e-05 1.83699e-05 1.05336e-05 8.39968e-06 3.02512e-06 2.09324e-06 1.36288e-06 1.21932e-06 6.12253e-07 1.12778e-06 5.7729e-07 4.46715e-07 4.45395e-07 2.75131e-07 2.20761e-07 2.07847e-07 1.57642e-07
threshold=19.500000000000004 21.500000000000004 95.000000000000014 4.3306334972381597 6.5565109252929696e-06 43.500000000000007 3638.0000000000005 3.0000000000000004 124.07593543653707 31.500000000000004 1.0000000180025095e-35 31.500000000000004 95.000000000000014 10004.500000000002 74.000000000000014 77.416666666666671 57451.500000000007 1.34096896648407 29.500000000000004 523.84632034632045 3011.5000000000005 50985.000000000007 54369.500000000007 8.9406967163085954e-06 0.00077950954437250016 1.1086463928222658e-05 0.033275485038757255 20.500000000000004 9955.5000000000018 1.2516975402832033e-05
decision_type=2 2 2 2 2 2 2 2 2 2 2 2 2 2 2 2 2 2 2 2 2 2 2 2 2 2 2 2 2 2
left_child=16 11 5 4 -4 6 15 9 -9 10 18 12 14 20 -2 24 26 21 -6 -10 -14 23 -23 -15 -3 -22 28 -24 29 -1
right_child=1 2 3 -5 7 -7 -8 8 19 -11 -12 -13 13 17 -16 -17 -18 -19 -20 -21 25 22 27 -25 -26 -27 -28 -29 -30 -31
leaf_value=0.10051009854413723 -0.10127868435571336 -0.10011464688186814 -0.10598690706150503 -0.11756905772671966 0.10093110830942287 0.10054393133876725 0.11420485804356738 -0.096601321328659256 0.10089722098883314 0.13788096776165268 0.10818651033539073 -0.10715492055103276 -0.10134636032322582 -0.10062653829000197 -0.10012586000040824 -0.10096137478741085 0.10146065409995467 -0.10112923494992383 0.10049951425548778 0.10035166925964634 -0.10119746058915469 -0.10081751537779814 -0.10036531755912335 -0.10011318040649052 -0.10048799930956327 -0.10093599488459926 0.10035367675944325 -0.10011420171038671 0.10062896146718857 0.10044267612256119
leaf_weight=1.6508736619725839 0.14973224722780343 0.61425643658731155 0.11833123117685396 0.20002378430217493 0.12958638835698344 0.16274061286821961 0.10891000926494598 0.12850816827267397 0.084320816211402416 0.40516294864937652 0.20962047576904297 0.062313266098499187 0.59163386619184144 0.02374253619927913 1.7982509876601398 0.20187006751075387 0.093700725119560846 0.04143815953284502 0.84605164872482419 0.10021385154686868 0.15778055007103831 0.045187604846432805 0.071876361733302474 0.28312036697752774 0.033811399014666677 0.1109725667629391 0.12991309259086836 0.068251690710894763 0.124449421186 0.43900595023296762
leaf_count=331 16 538 3 3 21 31 1 3 12 5 3 1 73 12 1566 36 13 4 177 29 26 17 22 251 8 29 37 60 23 101
internal_value=-0.000782577 -0.0373876 0.0269986 0.0660457 0.0842114 -0.0503519 -0.0759628 0.0960353 0.0196468 0.111071 0.101906 -0.100622 -0.1005 -0.1009 -0.100214 -0.100331 0.100532 -0.100309 0.100557 0.100601 -0.101266 -0.10024 -0.100383 -0.100153 -0.100134 -0.101089 0.100495 -0.100243 0.100503 0.100496
internal_weight=9.18565 6.74771 3.34341 2.22182 2.0218 1.12159 0.958848 1.90346 0.313043 1.59042 1.18526 3.4043 3.34199 1.394 1.94798 0.849938 2.43794 0.533617 0.975638 0.184535 0.860387 0.492179 0.185316 0.306863 0.648068 0.268753 2.34424 0.140128 2.21433 2.08988
internal_count=3452 2947 870 256 253 614 583 250 44 206 201 2077 2076 494 1582 582 505 366 198 41 128 362 99 263 546 55 492 82 455 432
is_linear=0
shrinkage=0.1


Tree=54
num_leaves=31
num_cat=0
split_feature=0 0 2 0 9 2 1 1 1 9 8 7 1 6 1 7 2 2 9 10 7 0 2 9 8 9 9 2 9 2
split_gain=3.07804 2.48507 1.36162 0.310616 0.270538 0.175902 0.276668 0.614611 0.0447936 0.0291935 0.00843429 0.00423337 0.000198892 5.44845e-05 5.04612e-05 0.000778286 3.9797e-05 3.93917e-05 4.03231e-06 2.1302e-06 6.88798e-06 2.9215e-07 1.57364e-07 1.22909e-07 4.62532e-08 4.01577e-08 3.26433e-08 3.04165e-08 1.05171e-08 8.34644e-09
threshold=19.500000000000004 21.500000000000004 19597.000000000004 27.000000000000004 7.9870223999023454e-06 52966.500000000007 12.500000000000002 19.500000000000004 31.500000000000004 1.3947486877441408e-05 78.500000000000014 7653.0000000000009 31.500000000000004 20.500000000000004 9.5000000000000018 11872.000000000002 52695.000000000007 65054.500000000007 0.26603034938254011 1.0000000180025095e-35 9720.0000000000018 20.500000000000004 1840.5000000000002 1.2516975402832033e-05 717.79545454545462 1.2516975402832033e-05 8.4638595581054704e-06 52812.000000000007 1.3947486877441408e-05 52812.000000000007
decision_type=2 2 2 2 2 2 2 2 2 2 2 2 2 2 2 2 2 2 2 2 2 2 2 2 2 2 2 2 2 2
left_child=19 12 3 11 -4 8 14 10 9 25 -8 13 16 22 15 -7 18 27 21 20 -1 -2 -3 26 -17 29 -21 -18 -25 -6
right_child=1 2 4 -5 5 6 7 -9 -10 -11 -12 -13 -14 -15 -16 24 17 -19 -20 23 -22 -23 -24 28 -26 -27 -28 -29 -30 -31
leaf_value=0.1014714570734771 -0.10030300888498428 -0.10010334879849714 -0.074765919067397435 0.10051900477311651 0.10045525501830894 0.1115342137138667 -0.11086460147430773 0.11100721590677803 0.1452511967614572 0.039994292796267303 -0.078132149149805485 -0.1197911368033725 -0.10642788660840925 -0.10405407328012845 0.1073471979372275 0.10042313525635682 -0.10128947221567282 -0.1001111277218477 -0.10099291266285929 0.1005155971067961 0.10031858477005309 -0.10010282374510066 -0.10036594019660183 0.1003897311971218 0.10030988499255555 0.10039369511750636 0.10045783059270984 -0.10125132129259945 0.10042482184415942 0.10047765904420569
leaf_weight=0.086368938442319743 0.076377046178095598 0.53833650157321278 0.12643569661304388 0.082579963142052293 0.36987556749954842 0.10997827420942485 0.14521332993172087 0.27576164621859789 0.2144819051027298 0.089225171017460525 0.17192053829785436 0.13791817426681519 0.056748855859041103 0.037443269044160843 0.19107957929372787 0.074002446141093969 0.47288408037275054 0.44552563584875315 0.053613349795341381 0.10476006264798332 0.12956891977228224 1.6024606396676973 0.023831756669096649 0.28747174865566205 0.070342978928238153 0.088579408591613173 1.4773172431159762 0.37445801962167025 0.12151446612551808 0.30209536687470973
leaf_count=10 30 522 6 21 83 4 8 18 1 23 32 1 1 1 3 20 38 409 6 21 41 1562 16 75 23 23 329 31 29 65
internal_value=-0.000786529 -0.0372393 0.0267685 -0.0834008 0.0673029 0.0758461 0.0465626 0.00182156 0.104415 0.0941085 -0.0931201 -0.103994 -0.100563 -0.10036 0.106119 0.105197 -0.100453 -0.100872 -0.100139 0.100481 0.10078 -0.100112 -0.100114 0.100449 0.100368 0.100457 0.100462 -0.101273 0.1004 0.100465
internal_weight=8.33817 6.13117 3.0491 0.82011 2.22899 2.10256 1.0383 0.592896 1.06426 0.849776 0.317134 0.73753 3.08207 0.599612 0.445403 0.254324 3.02532 1.29287 1.73245 2.207 0.215938 1.67884 0.562168 1.99106 0.144345 0.76055 1.58208 0.847342 0.408986 0.671971
internal_count=3452 2947 870 561 309 303 108 58 195 194 40 540 2077 539 50 47 2076 478 1598 505 51 1592 538 454 43 171 350 69 104 148
is_linear=0
shrinkage=0.1


Tree=55
num_leaves=31
num_cat=0
split_feature=0 0 6 2 2 9 7 5 0 6 2 5 3 3 3 2 2 9 5 5 3 5 5 3 3 3 3 3 5 0
split_gain=3.11783 2.18948 1.04292 0.208518 0.405508 0.158859 0.00347746 0.00048164 0.000243359 0.000169022 6.75834e-05 2.02841e-06 1.53263e-06 1.50129e-06 3.69406e-07 2.62837e-07 2.23044e-07 1.85232e-07 1.81818e-07 1.11085e-07 1.29515e-07 7.30664e-08 5.46846e-08 4.24907e-08 2.45934e-08 1.79582e-08 1.14955e-08 1.1105e-08 8.34331e-09 8.12049e-09
threshold=19.500000000000004 29.500000000000004 30.000000000000004 57869.000000000007 62534.500000000007 0.0066657777755490507 7653.0000000000009 1.2651259899139407 27.000000000000004 12.500000000000002 19597.000000000004 1.6173514127731325 95.000000000000014 57439.500000000007 2802.5000000000005 737.50000000000011 65054.500000000007 0.0064531727270646004 1.0490417480468752e-05 0.044107556343078606 27160.000000000004 1.2516975402832033e-05 7.9870223999023454e-06 95.000000000000014 4435.5000000000009 95.000000000000014 5887.5000000000009 10004.500000000002 1.1563301086425783e-05 14.500000000000002
decision_type=2 2 2 2 2 2 2 2 2 2 2 2 2 2 2 2 2 2 2 2 2 2 2 2 2 2 2 2 2 2
left_child=13 2 3 6 -5 -4 8 -7 9 10 11 15 -12 19 -14 -2 -6 18 -3 20 21 22 -1 29 -25 -20 -27 -18 -26 -24
right_child=1 17 5 4 16 7 -8 -9 -10 -11 12 -13 14 -15 -16 -17 27 -19 25 -21 -22 -23 23 24 28 26 -28 -29 -30 -31
leaf_value=0.10049626762304592 -0.10029318840094475 0.10056059900079072 -0.011312248222555617 0.058512760879514326 -0.10044157077039673 0.10855540596707097 -0.11755683135721096 0.10063769764380437 -0.10694740527114258 -0.10493509234158199 -0.10092750025158731 -0.10084309101415792 -0.10127426808641792 0.10082968301274786 -0.10111583785193799 -0.10009321453330706 -0.10012969403800476 0.10059622850277761 0.10043975009468303 0.10029120677418901 0.10053513252332916 0.10036754152590349 0.10043337448035131 0.10039957659277055 0.10041614670059883 0.10039299626775827 0.10043073838966379 -0.10009248762497797 0.10045596358789806 0.10047227242813789
leaf_weight=0.086404007859528398 0.068003015825527924 0.086492792703211197 0.19135263422504056 0.25753271451685567 0.020351936924271286 0.12695988640189171 0.12704293429851521 0.19457247201353312 0.060740996152162441 0.085651766508817562 0.23615860182326276 0.037401544395834097 0.45883581973612309 0.089275640668347367 0.21667096484452486 1.9633587596472351 0.10939100105315447 0.067474351730197668 0.13598831510171294 0.075272507965564617 0.085783022921532281 0.33886017510667432 0.097390240291133412 0.93432451132684924 0.098839140264317393 0.47934194421395659 0.097037401050329208 0.30082584783667699 0.11255671689286828 0.1195522784255445
leaf_count=18 27 16 33 15 7 4 1 39 1 2 36 5 38 22 20 2111 86 17 32 26 19 94 23 237 24 124 23 326 25 26
internal_value=-0.00473811 -0.0450218 -0.0733092 -0.0907619 -0.0407482 0.0608302 -0.101338 0.103764 -0.100679 -0.100555 -0.100429 -0.100113 -0.101147 0.100429 -0.101223 -0.1001 -0.100118 0.100437 0.100424 0.10041 0.100415 0.100409 0.100419 0.100414 0.100407 0.100407 0.100399 -0.100102 0.100437 0.100455
internal_weight=7.35944 5.32119 4.45485 3.94197 0.688102 0.512885 3.25386 0.321532 3.12682 3.06608 2.98043 2.06876 0.911665 2.03826 0.675507 2.03136 0.430569 0.866335 0.79886 1.94898 1.87371 1.78793 1.44907 1.36266 1.14572 0.712368 0.576379 0.410217 0.211396 0.216943
internal_count=3477 2963 2751 2675 434 76 2241 43 2240 2239 2237 2143 94 514 58 2138 419 212 195 492 466 447 353 335 286 179 147 412 49 49
is_linear=0
shrinkage=0.1


Tree=56
num_leaves=31
num_cat=0
split_feature=0 0 1 6 1 0 6 3 3 3 3 9 3 3 9 9 9 3 3 3 3 9 9 7 3 0 9 9 3 9
split_gain=2.81197 1.96672 0.99829 0.456716 0.250792 0.0230292 0.00389515 0.000511731 1.5102e-05 1.22612e-05 1.18104e-05 1.76026e-06 1.1152e-06 6.37774e-07 4.75997e-07 4.07208e-07 2.04889e-07 1.7526e-07 7.35795e-07 2.39498e-07 6.48504e-07 1.37572e-07 1.34523e-07 8.22158e-08 9.60578e-08 6.89977e-08 5.40602e-08 4.0462e-08 3.14437e-08 1.97656e-08
threshold=19.500000000000004 29.500000000000004 12.500000000000002 61.000000000000007 31.500000000000004 24.500000000000004 20.500000000000004 438.50000000000006 95.000000000000014 74.000000000000014 10004.500000000002 1.4901161193847658e-05 57439.500000000007 3011.5000000000005 0.015365279896158551 0.027761900424957252 1.1086463928222658e-05 27160.000000000004 28072.500000000004 50985.000000000007 53807.500000000007 0.0064531727270646004 1.0490417480468752e-05 7653.0000000000009 27160.000000000004 20.500000000000004 1.2516975402832033e-05 7.9870223999023454e-06 95.000000000000014 0.055580158514843304
decision_type=2 2 2 2 2 2 2 2 2 2 2 2 2 2 2 2 2 2 2 2 2 2 2 2 2 2 2 2 2 2
left_child=12 2 7 4 5 6 8 -2 9 11 13 -4 23 -10 -13 17 -15 -12 -19 -20 -21 22 -3 24 26 -22 27 -1 -29 -9
right_child=1 21 3 -5 -6 -7 -8 29 10 -11 15 14 -14 16 -16 -17 -18 18 19 20 25 -23 -24 -25 -26 -27 -28 28 -30 -31
leaf_value=0.10044882706593138 0.10864158442110453 0.10050698156738876 -0.10106307898022047 0.10081424057508126 0.00095955387719078857 -0.03651391458554936 -0.11422538392034971 0.10029038981299881 -0.10099490971656551 -0.10009104924406789 -0.10008341664326947 -0.10044013622532466 0.10075096262578241 -0.10086090191859545 -0.10076214803874742 -0.1006528110454039 -0.10064723937770464 -0.10077321224990379 -0.10008383017800736 -0.10071123316312632 -0.10025292175242365 0.10053948913766902 0.10036817850142934 0.10026341663898208 0.10048409770574457 -0.1000849109741629 0.10033244674587366 0.10041134896782233 0.10036770980446848 0.10036542616852853
leaf_weight=0.07821662607602764 0.14007243514060963 0.078301541972905286 0.1239176738308766 0.12596339383162547 0.2643192559480666 0.055883846711367258 0.21615920960903157 0.1027906381059438 0.44027046707924433 1.796192730718758 0.096598111733328551 0.10765360767254606 0.080839846283197292 0.11044951051007956 0.080031672841869295 0.02088756556622684 0.075601323740556836 0.023636859259568155 0.1145028289174661 0.027676894154865295 0.045775179751217365 0.061086021596565843 0.64481393224559724 0.068127299426123389 0.077657107030972727 0.052451966039370745 0.30671516177244473 0.19637835351750244 1.0370713965967295 0.05331165948882699
leaf_count=18 2 16 18 19 5 4 2 36 73 2114 116 30 22 27 16 4 30 8 137 11 20 17 179 26 19 62 94 49 286 17
internal_value=-0.00471272 -0.0446257 -0.0725397 -0.0863994 -0.0928567 -0.100177 -0.101244 0.104253 -0.100344 -0.100192 -0.100662 -0.100771 0.100388 -0.100929 -0.100577 -0.100224 -0.100774 -0.100199 -0.100241 -0.100188 -0.100284 0.100395 0.100383 0.100371 0.100375 -0.100163 0.10037 0.100379 0.100375 0.100316
internal_weight=6.70335 4.85835 4.07415 3.77797 3.65201 3.38769 3.33181 0.296175 3.11565 2.1078 1.00785 0.311603 1.84501 0.626321 0.187685 0.381529 0.186051 0.360642 0.264044 0.240407 0.125904 0.784201 0.723115 1.76417 1.69604 0.0982271 1.61838 1.31167 1.23345 0.156102
internal_count=3477 2963 2751 2696 2677 2672 2668 55 2666 2178 488 64 514 130 46 358 57 354 238 230 93 212 195 492 466 82 447 353 335 53
is_linear=0
shrinkage=0.1


Tree=57
num_leaves=31
num_cat=0
split_feature=0 0 6 8 2 2 7 7 8 2 3 6 7 3 8 9 5 9 5 3 3 5 5 3 3 5 3 3 3 5
split_gain=2.5368 1.76806 0.851102 0.309538 0.203719 0.351795 0.00182771 0.000331115 0.000201247 3.44726e-05 8.28206e-07 6.24334e-07 3.53848e-07 1.6589e-07 1.22642e-07 1.02146e-07 9.95389e-08 8.4611e-08 6.0855e-08 7.12339e-08 5.49969e-08 4.00063e-08 2.99442e-08 2.3271e-08 1.34744e-08 1.10753e-08 9.84621e-09 6.29961e-09 4.98217e-09 4.5713e-09
threshold=19.500000000000004 29.500000000000004 30.000000000000004 98.080645161290334 57869.000000000007 62534.500000000007 7653.0000000000009 8751.0000000000018 140.0816686251469 52695.000000000007 57439.500000000007 79.000000000000014 286.00000000000006 110.50000000000001 79.500000000000014 0.0064531727270646004 1.0490417480468752e-05 0.010442948496626301 0.044107556343078606 27160.000000000004 2802.5000000000005 1.2516975402832033e-05 7.9870223999023454e-06 95.000000000000014 4435.5000000000009 0.0016765594482421001 95.000000000000014 5887.5000000000009 10004.500000000002 1.1563301086425783e-05
decision_type=2 2 2 2 2 2 2 2 2 2 2 2 2 2 2 2 2 2 2 2 2 2 2 2 2 2 2 2 2 2
left_child=10 2 4 -4 6 -6 8 -5 9 12 18 -9 25 -11 28 16 -3 -13 19 21 -15 22 -1 -24 -25 -2 -18 -28 -7 -26
right_child=1 15 3 7 5 14 -8 11 -10 13 -12 17 -14 20 -16 -17 26 -19 -20 -21 -22 -23 23 24 29 -27 27 -29 -30 -31
leaf_value=0.10040594310876438 -0.1000761870455798 0.10045851528771438 -0.10097295125353044 0.10726512124140866 0.056607190809359303 -0.10010348145578563 -0.11392465480448602 0.10069913597537242 -0.10346425109279792 -0.10084334570493923 0.10067969367522821 0.10026465042275162 -0.10033019296571422 -0.10098066004023686 -0.10034655478233881 0.10048814769216648 0.10035976195664148 0.1004056305623937 0.10023828524405021 0.10043793857693498 -0.10091184338518414 0.10030071200146462 0.10037205669432279 0.1003268979188446 0.10034044685549033 -0.10015890253499292 0.10032151697742878 0.10035238339331809 -0.10007570841119312 0.10037300649105588
leaf_weight=0.070802021073177346 1.5951571223558878 0.070882608648389467 0.09545247210189689 0.10033009760081768 0.24134166759904463 0.087547129136510193 0.10728748887777317 0.070631474256515503 0.2245335989864542 0.17215712741017331 0.073196065379306563 0.07291339710354805 0.05716667603701342 0.33492752956226468 0.018640756665263325 0.055299721425399184 0.11142532131634653 0.10229733609594405 0.06165879894979287 0.070297708502039202 0.17777211405336857 0.277610697550699 0.17775650531984843 0.76548137562349439 0.080981290666386485 0.016353527607861795 0.39271241542883217 0.079508077818900347 0.2463281350210309 0.092230041045695543
leaf_count=18 2097 16 2 3 15 85 1 14 26 26 22 28 21 35 8 17 32 29 26 19 20 94 49 237 24 15 124 23 326 25
internal_value=-0.00468276 -0.0442722 -0.0718634 0.0584618 -0.0894148 -0.0364129 -0.101136 0.102424 -0.100604 -0.100331 0.100351 0.100448 -0.100086 -0.100928 -0.100097 0.100358 0.100347 0.100347 0.100336 0.10034 -0.100957 0.100335 0.100343 0.100339 0.100333 -0.100077 0.100333 0.100327 -0.100083 0.100358
internal_weight=6.10068 4.43067 3.72084 0.441625 3.27921 0.593858 2.68536 0.346172 2.57807 2.35353 1.67001 0.245842 1.66868 0.684857 0.352516 0.709828 0.654528 0.175211 1.59682 1.53516 0.5127 1.46486 1.18725 1.11645 0.938693 1.61151 0.583646 0.47222 0.333875 0.173211
internal_count=3477 2963 2751 76 2675 434 2241 74 2240 2214 514 71 2133 81 419 212 195 57 492 466 55 447 353 335 286 2112 179 147 411 49
is_linear=0
shrinkage=0.1


Tree=58
num_leaves=31
num_cat=0
split_feature=0 0 1 5 5 3 0 3 3 3 5 3 3 3 5 3 3 3 3 9 5 0 5 3 5 5 5 3 3 5
split_gain=2.29029 1.59189 0.815953 0.427127 0.000773216 0.00028424 0.000141424 1.10701e-05 8.21474e-06 5.20216e-06 1.39947e-06 7.06163e-07 6.14901e-07 5.97748e-07 1.11923e-07 1.00788e-07 5.58391e-07 1.43875e-07 2.91442e-07 7.58279e-08 7.36648e-08 4.86935e-08 4.50441e-08 5.28211e-08 2.96049e-08 2.21612e-08 1.8344e-08 1.72246e-08 9.97171e-09 9.30148e-09
threshold=19.500000000000004 29.500000000000004 12.500000000000002 0.42182505130767828 0.29147756099700933 438.50000000000006 27.000000000000004 95.000000000000014 10004.500000000002 60.000000000000007 1.4901161193847658e-05 3011.5000000000005 57439.500000000007 1721.5000000000002 1.1086463928222658e-05 27160.000000000004 27358.000000000004 50985.000000000007 54369.500000000007 0.0064531727270646004 1.0490417480468752e-05 20.500000000000004 0.044107556343078606 27160.000000000004 1.2516975402832033e-05 7.9870223999023454e-06 5.490546941757203 95.000000000000014 4435.5000000000009 1.3947486877441408e-05
decision_type=2 2 2 2 2 2 2 2 2 2 2 2 2 2 2 2 2 2 2 2 2 2 2 2 2 2 2 2 2 2
left_child=12 2 5 4 6 -2 7 9 11 10 -4 13 22 -9 -13 -10 -17 -18 -19 20 -3 -20 23 24 25 -1 -7 -27 -29 -11
right_child=1 19 3 -5 -6 26 -8 8 15 29 -12 14 -14 -15 -16 16 17 18 21 -21 -22 -23 -24 -25 -26 27 -28 28 -30 -31
leaf_value=0.10036716893006188 0.10704854639127859 0.10041470285800776 -0.10086914000024323 0.0019993668205710888 -0.11015919313759592 0.10023553796593643 -0.10563454026247597 -0.10080661821229371 -0.10006828160658783 -0.10007162705970288 -0.10035769120079563 -0.10070391582834026 0.10061516633666104 -0.10107650709942118 -0.10052949992691061 -0.10078268933504884 -0.10006858962503254 -0.10053547946360678 -0.10022197928130877 0.10044169346950312 0.100301233846597 -0.10006956842946715 0.10021556045220906 0.10039618942837594 0.10027201699833724 0.10033653018322897 0.10031444365186776 0.1002956936322975 0.10032362143352334 -0.10009688353503346
leaf_weight=0.064087809063494094 0.11859811842441592 0.064163798000663408 0.10229651164263631 0.47746982565149654 0.083717808127403148 0.083159334841184318 0.05049479380249966 0.27729437162633974 0.079099178779870272 1.3064630217850206 0.11215990653727204 0.090563576552085578 0.066270853159949072 0.11655745794996619 0.061964487540535629 0.015299207530915737 0.097835740481968969 0.024984957999549806 0.042257592780515552 0.050059223081916571 0.52826343826018274 0.041596868133638054 0.055803196970373281 0.063633102225139626 0.25126077793538559 0.16089479136280693 0.045629211468622088 0.69284072774462402 0.15677874977700412 0.16413588955765601
leaf_count=18 2 16 18 35 1 36 1 58 116 1890 39 27 22 17 30 2 143 14 21 17 179 60 26 19 94 49 17 237 49 224
internal_value=-0.0046676 -0.0440056 -0.0713467 -0.085105 -0.100701 0.103516 -0.100394 -0.10029 -0.100585 -0.100142 -0.100602 -0.100816 0.100317 -0.100886 -0.100633 -0.100165 -0.1002 -0.100157 -0.100236 0.100324 0.100314 -0.100146 0.100304 0.100307 0.100303 0.10031 0.100263 0.100307 0.100301 -0.100074
internal_weight=5.54563 4.03406 3.39158 3.14419 2.66672 0.247387 2.583 2.53251 0.847453 1.68506 0.214456 0.54638 1.51157 0.393852 0.152528 0.301074 0.221974 0.206675 0.108839 0.642486 0.592427 0.0838545 1.4453 1.3895 1.32586 1.0746 0.128789 1.01051 0.849619 1.4706
internal_count=3477 2963 2751 2696 2661 55 2660 2659 488 2171 57 132 514 75 57 356 240 238 95 212 195 81 492 466 447 353 53 335 286 2114
is_linear=0
shrinkage=0.1


Tree=59
num_leaves=31
num_cat=0
split_feature=2 2 3 4 3 1 9 1 9 9 3 3 3 3 3 9 3 3 3 9 9 3 3 3 9 9 3 3 7 9
split_gain=1.68902 0.613908 0.521633 0.0865185 0.0804064 0.233333 0.0890193 0.206076 0.0272989 0.0184557 0.00548453 0.0047104 0.00669088 0.00815277 0.00557854 0.00669649 0.00698496 0.00601121 0.00373699 0.0041305 0.00549198 0.00445703 0.00353352 0.00341947 0.00401047 0.00332405 0.00211362 0.00208289 0.00133434 0.000862547
threshold=52695.000000000007 62534.500000000007 54576.500000000007 1.0000000180025095e-35 74.000000000000014 13.500000000000002 0.0066657777755490507 14.500000000000002 2.0503997802734378e-05 1.1563301086425783e-05 22.500000000000004 8684.5000000000018 616.50000000000011 1010.0000000000001 3144.5000000000005 1.1086463928222658e-05 3638.5000000000005 4599.5000000000009 2564.0000000000005 1.2516975402832033e-05 1.1086463928222658e-05 1781.0000000000002 1309.5000000000002 129.00000000000003 1.1563301086425783e-05 1.1563301086425783e-05 24.500000000000004 5954.5000000000009 7653.0000000000009 1.1086463928222658e-05
decision_type=2 2 2 2 2 2 2 2 2 2 2 2 2 2 2 2 2 2 2 2 2 2 2 2 2 2 2 2 2 2
left_child=2 4 28 -4 5 -2 7 8 11 10 -7 12 23 -14 18 16 -16 -17 19 20 21 -15 -22 24 -6 -13 -11 -19 -1 -25
right_child=1 -3 3 -5 6 9 -8 -9 -10 26 -12 25 13 14 15 17 -18 27 -20 -21 22 -23 -24 29 -26 -27 -28 -29 -30 -31
leaf_value=-0.10043576448086927 -0.1006979506397222 -0.10008048387036064 0.10035549230317292 -0.03379439460435358 0.078197626708675638 0.024999171038433771 0.10750444111912533 -0.10909950489346634 0.10175282347064006 0.1002435940609038 0.060220365354426701 0.053400330653168106 0.086569678090735527 0.076058390074117965 0.080761176292817927 0.10023903295554415 0.042964970632767677 0.052905225530178623 0.033892784029899085 0.077693571328789304 0.024979998702779921 0.041544275973646592 0.051414407851533672 0.050244284264105703 0.047590146608659102 0.027043154014418199 0.074386912359048429 0.078408339034715002 -0.11245018804083062 0.04135499706703686
leaf_weight=1.5121791539713738 0.12760678795166314 0.2890441286144777 0.16033065249212075 0.068665761966258287 0.074942623963580757 0.10770671977661628 0.33567684376612295 0.076449081301689037 0.13384690333623428 0.072213668609037995 0.074994749622419477 0.095324099529534467 0.11570059647783615 0.11455096816644073 0.071502321399748325 0.084998741745948792 0.1546484085265547 0.062644452787935734 0.096342934994027019 0.071192517410963774 0.085639160359278321 0.055564372567459941 0.12347527011297643 0.16599616315215826 0.099842491559684277 0.09607360465452075 0.056231452384963632 0.065517080947756767 0.098459042608737835 0.31878195656463504
leaf_count=2136 28 419 67 24 25 27 42 1 41 30 23 29 41 41 23 36 43 19 29 27 24 17 38 53 29 27 20 21 1 96
internal_value=-0.00462375 0.0389754 -0.0810917 0.06013 0.0526584 0.0131757 0.0595913 0.0521557 0.0580638 0.0598773 0.0394567 0.0550692 0.0566883 0.061457 0.0585104 0.0669015 0.054915 0.0796185 0.0517684 0.0555919 0.0514427 0.0647851 0.0405887 0.0487223 0.0607137 0.0401701 0.0889239 0.0659426 -0.10117 0.0443988
internal_weight=5.06614 3.22651 1.83963 0.228996 2.93746 0.438753 2.49871 2.16303 2.08658 0.311147 0.182701 1.95274 1.76134 1.10178 0.986076 0.439311 0.226151 0.21316 0.546765 0.450422 0.37923 0.170115 0.209114 0.659563 0.174785 0.191398 0.128445 0.128162 1.61064 0.484778
internal_count=3477 1249 2228 91 830 128 702 660 659 100 50 618 562 359 318 142 66 76 176 147 120 58 62 203 54 56 50 40 2137 149
is_linear=0
shrinkage=0.1


Tree=60
num_leaves=31
num_cat=0
split_feature=2 2 3 0 0 3 5 2 0 2 1 2 7 7 1 5 8 2 5 3 3 5 3 3 5 3 3 5 5 5
split_gain=1.57199 0.576754 0.462594 0.300671 1.34852 0.270766 0.305341 0.19339 0.173561 0.0441523 0.00212501 0.000337886 1.54171e-05 2.52326e-06 7.24062e-07 3.83407e-07 9.74409e-08 3.5395e-08 2.41736e-08 2.40591e-08 3.82055e-08 1.82739e-08 7.52938e-09 5.95563e-09 5.60888e-09 4.79564e-09 4.67858e-09 4.14251e-09 3.67767e-09 3.56108e-09
threshold=19597.000000000004 62534.500000000007 51668.500000000007 20.500000000000004 21.500000000000004 74.000000000000014 6.5565109252929696e-06 60.000000000000007 43.500000000000007 51137.000000000007 31.500000000000004 57473.000000000007 5939.5000000000009 7653.0000000000009 14.500000000000002 1.6875349283218386 406.36278195488723 57396.500000000007 1.2516975402832033e-05 137.00000000000003 2802.5000000000005 7.5101852416992196e-06 95.000000000000014 4599.5000000000009 0.0027825832366942505 4599.5000000000009 681.50000000000011 1.1563301086425783e-05 1.3947486877441408e-05 1.1563301086425783e-05
decision_type=2 2 2 2 2 2 2 2 2 2 2 2 2 2 2 2 2 2 2 2 2 2 2 2 2 2 2 2 2 2
left_child=2 3 12 18 19 8 -7 -4 -6 -8 11 14 15 -9 17 24 -15 25 21 -5 -21 -2 -23 -24 -1 26 -11 -28 -20 -25
right_child=1 -3 7 4 5 6 9 13 -10 10 -12 -13 -14 16 -16 -17 -18 -19 28 20 -22 22 23 29 -26 -27 27 -29 -30 -31
leaf_value=-0.10005642507551574 0.10031870973493849 -0.10006137923379227 -0.10035010495276525 -0.10076928920902513 -0.10061578391666677 -0.10333295435054884 0.15294181006033503 0.10105911537028318 0.10026786250738251 0.10027558900157436 0.11277930697627525 0.10495219495420671 -0.10259171219418656 0.10017586621558812 0.10061926410773783 -0.10051642139399118 0.10036368381016254 0.10019000243433003 0.1002189465012662 -0.10084249852477796 -0.10077780541332414 0.10028332889082736 0.10025316710083398 0.10025948145219941 -0.10011753465873251 0.10028939997428032 0.10026868824341975 0.10023913647482451 0.10024676570677869 0.10029147934041815
leaf_weight=1.1771816997788844 0.059184954501689147 0.24340978084364895 0.064574775227811076 0.14674707478843663 0.11826192412991066 0.068873491138219722 0.22633220255374886 0.050027502700686455 0.067590704653412104 0.15885251155123115 0.21657434501685202 0.21545188594609499 0.024624215438961872 0.097931904601864517 0.062226157868281007 0.018462831387296208 0.038475296110846102 0.067040641675703228 0.14727350440807641 0.23095618793740869 0.15095241321250796 0.13201145688071847 0.60993443173356354 0.067038214299827814 0.015213670092634746 0.084779968485236168 0.085977105190977454 0.10581341932993382 0.070158942369744182 0.072282304288819432
leaf_count=2089 19 405 31 20 32 3 1 5 26 60 4 8 1 56 13 4 16 36 68 28 20 48 244 26 18 30 33 45 29 25
internal_value=0.0108393 0.0482703 -0.0749699 0.0596805 0.0362638 0.085298 0.101533 0.0487933 -0.0275586 0.11307 0.104016 0.101583 -0.100115 0.100452 0.100297 -0.100064 0.100229 0.100258 0.100258 -0.100804 -0.100817 0.100265 0.100261 0.100257 -0.100057 0.100268 0.100263 0.100252 0.100228 0.100276
internal_weight=4.89422 3.40772 1.48649 3.16431 2.00643 1.47777 1.29192 0.251009 0.185853 1.22305 0.996716 0.780142 1.23548 0.186435 0.56469 1.21086 0.136407 0.502464 1.15788 0.528656 0.381909 0.940451 0.881266 0.749255 1.1924 0.435423 0.350643 0.191791 0.217432 0.139321
internal_count=3443 1223 2220 818 359 291 233 108 58 230 229 225 2112 77 217 2111 72 204 459 68 48 362 343 295 2107 168 138 78 97 51
is_linear=0
shrinkage=0.1


Tree=61
num_leaves=31
num_cat=0
split_feature=2 2 3 0 0 3 5 2 0 2 1 2 6 6 1 5 8 2 5 3 3 5 3 3 5 3 3 5 5 5
split_gain=1.41843 0.519904 0.418539 0.275451 1.21089 0.240705 0.272767 0.174913 0.156969 0.0303513 0.0015481 0.000249109 1.1387e-05 1.86602e-06 5.36364e-07 2.83896e-07 7.22233e-08 2.62029e-08 1.78949e-08 1.77675e-08 2.82202e-08 1.35275e-08 5.57491e-09 4.40789e-09 4.15627e-09 3.54956e-09 3.46435e-09 3.06672e-09 2.72318e-09 2.63616e-09
threshold=19597.000000000004 62534.500000000007 51668.500000000007 20.500000000000004 21.500000000000004 74.000000000000014 6.5565109252929696e-06 60.000000000000007 43.500000000000007 51137.000000000007 31.500000000000004 57473.000000000007 20.500000000000004 12.500000000000002 14.500000000000002 1.6875349283218386 406.36278195488723 57396.500000000007 1.2516975402832033e-05 137.00000000000003 2802.5000000000005 7.5101852416992196e-06 95.000000000000014 4599.5000000000009 0.0027825832366942505 4599.5000000000009 681.50000000000011 1.1563301086425783e-05 1.3947486877441408e-05 1.1563301086425783e-05
decision_type=2 2 2 2 2 2 2 2 2 2 2 2 2 2 2 2 2 2 2 2 2 2 2 2 2 2 2 2 2 2
left_child=2 3 12 18 19 8 -7 -4 -6 -8 11 14 15 -9 17 24 -15 25 21 -5 -21 -2 -23 -24 -1 26 -11 -28 -20 -25
right_child=1 -3 7 4 5 6 9 13 -10 10 -12 -13 -14 16 -16 -17 -18 -19 28 20 -22 22 23 29 -26 -27 27 -29 -30 -31
leaf_value=-0.10005104933581643 0.10028829299747209 -0.10005553716587286 -0.1003167876850232 -0.10069557104154692 -0.1005571286266557 -0.10300982536297017 0.14543357927819772 0.10095737421199212 0.10024231064855915 0.10024929992330284 0.1114311903619756 0.10446386144313435 -0.10233901467605198 0.1001591035378521 0.10056018057382819 -0.10046707387391432 0.1003290680349973 0.10017189074946693 0.10019806746818859 -0.10076168753530468 -0.10070325799535831 0.10025629801131175 0.10022901795040196 0.10023472634045826 -0.10010634809050699 0.10026178713212391 0.10024305632125029 0.10021632912184991 0.10022323059120022 0.10026366493245215
leaf_weight=1.0652123432955702 0.053568178089336227 0.2202584851766004 0.058448091964237281 0.13287450908683229 0.10706705698976282 0.062504839152097591 0.21480658650398232 0.04531005397439003 0.061173395020887256 0.14377147238701582 0.19821373024024069 0.19581376481801271 0.022333126515149959 0.088626528391614556 0.056335955392569304 0.016713649034500011 0.034825288807041943 0.0606712915468961 0.13328493386507034 0.20913687674328685 0.13668335974216461 0.1194794753100723 0.55201770679559559 0.060672903899103403 0.013767357857432105 0.076732140732929111 0.077814182732254267 0.095764623722061515 0.063496585586108267 0.065420954953879118
leaf_count=2089 19 405 31 20 32 3 1 5 26 60 4 8 1 56 13 4 16 36 68 28 20 48 244 26 18 30 33 45 29 25
internal_value=0.0107822 0.0480183 -0.0749584 0.0593534 0.0359355 0.0843704 0.100294 0.0487734 -0.0275451 0.111641 0.103621 0.101431 -0.100104 0.100409 0.100269 -0.100058 0.100207 0.100233 0.100233 -0.100727 -0.100739 0.10024 0.100236 0.100233 -0.100052 0.100242 0.100238 0.100228 0.100206 0.10025
internal_weight=4.4428 3.09756 1.34524 2.8773 1.82936 1.35067 1.18243 0.22721 0.16824 1.11992 0.905117 0.706903 1.11803 0.168762 0.51109 1.09569 0.123452 0.454754 1.04794 0.478695 0.34582 0.851159 0.797591 0.678112 1.07898 0.394082 0.31735 0.173579 0.196782 0.126094
internal_count=3443 1223 2220 818 359 291 233 108 58 230 229 225 2112 77 217 2111 72 204 459 68 48 362 343 295 2107 168 138 78 97 51
is_linear=0
shrinkage=0.1


Tree=62
num_leaves=31
num_cat=0
split_feature=2 2 3 0 0 3 9 2 0 2 1 2 7 7 1 9 8 2 9 3 3 9 3 3 9 3 3 9 9 9
split_gain=1.28027 0.468855 0.378683 0.251966 1.08827 0.214413 0.20995 0.158207 0.141969 0.0209846 0.00112216 0.000182826 8.41269e-06 1.3802e-06 4.03742e-07 2.10219e-07 5.35283e-08 1.75654e-08 1.32483e-08 1.31247e-08 2.08511e-08 1.0014e-08 4.12795e-09 3.2629e-09 3.07896e-09 2.2328e-09 2.68915e-09 2.01665e-09 1.95155e-09 1.31164e-09
threshold=19597.000000000004 62534.500000000007 51668.500000000007 20.500000000000004 21.500000000000004 74.000000000000014 7.9870223999023454e-06 60.000000000000007 43.500000000000007 51137.000000000007 31.500000000000004 57473.000000000007 5939.5000000000009 7653.0000000000009 14.500000000000002 0.33766494714296785 406.36278195488723 57396.500000000007 1.2516975402832033e-05 137.00000000000003 2802.5000000000005 7.5101852416992196e-06 95.000000000000014 4599.5000000000009 0.0013398301433509001 4599.5000000000009 141.00000000000003 1.3947486877441408e-05 1.1563301086425783e-05 1.1086463928222658e-05
decision_type=2 2 2 2 2 2 2 2 2 2 2 2 2 2 2 2 2 2 2 2 2 2 2 2 2 2 2 2 2 2
left_child=2 3 12 18 19 8 -7 -4 -6 -8 11 14 15 -9 17 24 -15 25 21 -5 -21 -2 29 -24 -1 26 -11 -20 -25 -23
right_child=1 -3 7 4 5 6 9 13 -10 10 -12 -13 -14 16 -16 -17 -18 -19 27 20 -22 22 23 28 -26 -27 -28 -29 -30 -31
leaf_value=-0.10004619111104307 0.10026078502524904 -0.10005024708160007 -0.10028664118813291 -0.10062896228803092 -0.10050406704018669 -0.073037560211359639 0.13928403332651365 0.10086548715245665 0.10021919999083034 0.10023417345814617 0.11023750223178813 0.10402517961528977 -0.10211147954138358 0.10014393941686506 0.1005067444282588 -0.10042246198481664 0.10029774458399743 0.10015550679586205 0.10017918243605768 -0.100688683583539 -0.10063590127354015 0.10024178262505504 0.10020717709577849 0.10021233896924822 -0.10009622444825864 0.10023288770512125 0.1002080641125932 0.10020194464574994 0.10023851156820712 0.1002196376426602
leaf_weight=0.96388843355816767 0.048483114340343358 0.19930811948142935 0.052901109913363942 0.12030536518432189 0.096926827041897812 0.066417877562343963 0.20249456167221047 0.041033681016415358 0.05536409153137356 0.047479618689976633 0.18119371170178056 0.17788869538344443 0.020250584930181503 0.080204124678857625 0.051000602776184678 0.015129511710256338 0.031520564225502312 0.054906178382225335 0.12062277342192829 0.18936509825289249 0.12375478632748127 0.059641861822456121 0.49958960700314492 0.054910754319280386 0.012458416342269629 0.066277356934733689 0.23319269274361432 0.057465671328827739 0.059209426399320364 0.048492664471268654
leaf_count=2089 19 405 31 20 32 6 1 5 26 21 4 8 1 56 13 4 16 36 68 28 20 25 244 26 18 29 115 29 25 23
internal_value=0.0107319 0.0477947 -0.0749479 0.0590631 0.0356465 0.0835545 0.0992066 0.0487554 -0.0275328 0.110484 0.103301 0.101309 -0.100094 0.100369 0.100242 -0.100053 0.100187 0.100208 0.100211 -0.100657 -0.100668 0.100217 0.100214 0.100211 -0.100047 0.100216 0.100212 0.100187 0.100226 0.100232
internal_weight=4.03168 2.81429 1.21739 2.61498 1.66657 1.23314 1.08085 0.205659 0.152291 1.01443 0.811939 0.630745 1.01173 0.152758 0.452856 0.991476 0.111725 0.401856 0.948416 0.433425 0.31312 0.770327 0.721844 0.61371 0.976347 0.34695 0.280672 0.178088 0.11412 0.108135
internal_count=3443 1223 2220 818 359 291 233 108 58 227 226 222 2112 77 214 2111 72 201 459 68 48 362 343 295 2107 165 136 97 51 48
is_linear=0
shrinkage=0.1


Tree=63
num_leaves=31
num_cat=0
split_feature=3 0 0 0 0 5 1 5 9 1 3 3 3 3 9 7 5 3 3 3 3 3 3 5 3 0 5 5 5 5
split_gain=1.08734 0.392875 0.310409 1.31587 0.21991 0.214144 0.177321 0.0305074 0.014468 0.000856433 7.47515e-05 2.58647e-06 2.06453e-06 8.00968e-07 2.69507e-07 2.01091e-07 1.96904e-07 1.17039e-07 3.34319e-08 1.88624e-07 4.61482e-08 9.91661e-08 2.09583e-08 1.91921e-08 1.30376e-08 1.23773e-08 1.00879e-08 8.02812e-09 6.41492e-09 4.17358e-09
threshold=95.000000000000014 19.500000000000004 21.500000000000004 19.500000000000004 43.500000000000007 6.5565109252929696e-06 12.500000000000002 15.834499955177309 0.99334380565545499 31.500000000000004 129.00000000000003 74.000000000000014 6134.0000000000009 57455.500000000007 0.0063227218929648504 314.00000000000006 1.34096896648407 10004.500000000002 27160.000000000004 27358.000000000004 50985.000000000007 54369.500000000007 3011.5000000000005 0.033275485038757255 27160.000000000004 20.500000000000004 1.2516975402832033e-05 8.4638595581054704e-06 1.1563301086425783e-05 1.3947486877441408e-05
decision_type=2 2 2 2 2 2 2 2 2 2 2 2 2 2 2 2 2 2 2 2 2 2 2 2 2 2 2 2 2 2
left_child=1 28 3 13 6 -4 -3 8 9 10 -7 15 22 23 26 -8 17 -14 -19 -20 -21 -22 -5 24 27 -23 -12 -2 -1 -13
right_child=2 4 5 12 -6 7 11 -9 -10 -11 14 29 16 -15 -16 -17 -18 18 19 20 21 25 -24 -25 -26 -27 -28 -29 -30 -31
leaf_value=0.10021934591176032 0.10022930374359462 0.10483261962119056 -0.10252908057000823 -0.10057689949848635 0.10021116807191849 0.10309742729001636 -0.10055446513344089 0.046881483881298369 0.13417635193492441 0.10917818690494474 0.10020261594180502 -0.10004399979002165 -0.10033246201370252 0.10068170650201365 0.10040680460172718 -0.10032205880874485 -0.10048781265674332 -0.10004139867214279 -0.10054293773675856 -0.1000416895864864 -0.10037060220348033 -0.10013821961183855 -0.10051532947446912 0.10012946869643656 0.10024751735056617 -0.10004189554412378 0.1001632186293618 0.10018640117348952 0.10017533964254027 -0.10006620629551569
leaf_weight=0.067128602531738912 0.046785858459770902 0.043973371386528126 0.05291076749563195 0.2381884073256515 0.062979626818559953 0.11852170911151916 0.11014509992673949 0.084640916262287647 0.18983389437198639 0.16546012344770133 0.22925561643205583 0.79534599834005348 0.028411998122464865 0.034357117721810937 0.071005259989760816 0.056240156845888123 0.01795909134671092 0.046740001271246001 0.010684935841709375 0.060284201783360913 0.017083422833820805 0.0290596520062536 0.071997798222582787 0.051633731811307371 0.040748103405348957 0.024660512950504199 0.09070878173224628 0.64379153796471655 0.06539587932638824 0.094713233964284882
leaf_count=31 21 1 3 69 31 13 32 31 1 4 117 1896 25 10 29 26 4 113 2 145 14 23 28 40 19 59 57 350 39 210
internal_value=0.0106816 -0.0629399 0.0510278 0.0199512 -0.0815231 0.0932675 -0.0919242 0.104179 0.109787 0.102927 0.100897 -0.100114 -0.100393 0.100209 0.100231 -0.100476 -0.10017 -0.100143 -0.100115 -0.100139 -0.100106 -0.100161 -0.100563 0.100188 0.100193 -0.100094 0.100191 0.100189 0.100198 -0.100046
internal_weight=3.66065 1.29592 2.36472 1.36239 1.1634 1.00234 1.10042 0.949426 0.864785 0.674951 0.509491 1.05644 0.54507 0.817316 0.39097 0.166385 0.234884 0.216925 0.188513 0.141773 0.131088 0.0708036 0.310186 0.782959 0.731325 0.0537202 0.319964 0.690577 0.132524 0.890059
internal_count=3443 2266 1177 922 2196 255 2165 252 221 220 216 2164 482 440 203 58 385 381 356 243 241 96 97 430 390 82 174 371 70 2106
is_linear=0
shrinkage=0.1


Tree=64
num_leaves=31
num_cat=0
split_feature=3 3 6 1 3 5 3 9 3 5 5 3 3 3 3 3 5 4 3 5 5 3 3 3 5 3 5 3 3 3
split_gain=0.97988 0.253761 0.162516 0.146659 0.134828 0.117138 0.0583844 0.0478047 0.0217908 0.0175453 0.0137895 0.0129877 0.0363543 0.0122681 0.02488 0.00746873 0.0074499 0.00485735 0.0327231 0.00287131 0.00285952 0.0121934 0.00202989 0.00317882 0.00198062 0.00463039 0.00251315 0.00262876 0.00399121 0.00194755
threshold=95.000000000000014 41.500000000000007 3.5000000000000004 12.500000000000002 10004.500000000002 5.4836273193359383e-06 5045.5000000000009 0.26603034938254011 57500.000000000007 0.012185573577880802 1.2040138244628908e-05 27160.000000000004 27358.000000000004 50985.000000000007 51327.000000000007 1869.5000000000002 0.081892013549804618 1.0000000180025095e-35 74.000000000000014 7.0333480834960946e-06 1.0490417480468752e-05 2005.0000000000002 8129.5000000000009 1781.0000000000002 1.2040138244628908e-05 2802.5000000000005 1.1563301086425783e-05 4435.5000000000009 3347.5000000000005 129.00000000000003
decision_type=2 2 2 2 2 2 2 2 2 2 2 2 2 2 2 2 2 2 2 2 2 2 2 2 2 2 2 2 2 2
left_child=1 10 4 -3 5 -2 15 8 16 11 -1 -6 -13 -14 -15 -4 -8 18 -5 -7 21 -21 23 29 26 -26 27 28 -25 -22
right_child=2 3 6 17 9 19 7 -9 -10 -11 -12 12 13 14 -16 -17 -18 -19 -20 20 22 -23 -24 24 25 -27 -28 -29 -30 -31
leaf_value=0.028563253692792091 -0.10213027213107542 0.104351658198029 0.10287575366454429 0.041708949478996719 -0.10003745678834908 0.077181509262880379 0.035134541500038502 -0.018798897903513266 0.015350549536567511 0.058858767059611329 0.092859441616850127 0.04817888281413741 -0.10003760828671465 0.03171961921769819 -0.10004844560012233 0.12988502865871743 0.1057613708838173 -0.10012480283901765 -0.089943832502205931 0.070617817499275815 0.059737897386263464 0.0034951477440648541 0.032568731882173331 0.055693881835663664 0.10015952576789862 0.057010057556807638 0.043264281358447787 0.041800973701842326 0.095278230393872079 0.045445180337485694
leaf_weight=0.14537270163418747 0.05238654185086522 0.039962783455848916 0.24257729970850039 0.01954740929068044 0.042293682665331178 0.039271541143534594 0.016883124655578285 0.067173196352086961 0.041286907042376697 0.015691562264692038 0.043289351509884 0.0373239143518731 0.054049691447289661 0.028893363545648754 0.028428223769878969 0.17714768648147583 0.12944637122564018 0.37202703763614409 0.55270401970483363 0.049971393425948807 0.11635550967184805 0.059037110098870471 0.055082836770452448 0.063390112482011318 0.036171440151520073 0.079593545146053657 0.10948605622979812 0.041079992370214313 0.042582253750879318 0.52775582042522728
leaf_count=64 4 1 64 10 113 17 19 25 18 6 33 17 144 13 69 1 42 789 1369 30 45 26 31 36 23 53 59 23 27 272
internal_value=0.0106179 -0.062924 0.0506752 -0.0832885 0.0321218 0.0442922 0.0913527 0.0535917 0.07951 -0.04279 0.0433163 -0.0511414 -0.0372338 -0.0658582 -0.0336298 0.114275 0.0976126 -0.0912296 -0.0854467 0.0505807 0.0496958 0.0342653 0.0512656 0.0522788 0.0596346 0.0704924 0.054735 0.0632753 0.0715998 0.0480271
internal_weight=3.32626 1.1729 2.15336 0.984241 1.47884 1.27216 0.674515 0.25479 0.187616 0.20668 0.188662 0.190989 0.148695 0.111371 0.0573216 0.419725 0.146329 0.944278 0.572251 1.21978 1.18051 0.109009 1.0715 1.01641 0.372303 0.115765 0.256538 0.147052 0.105972 0.644111
internal_count=3443 2266 1177 2169 1008 646 169 104 79 362 97 356 243 226 82 65 61 2168 1379 642 625 56 569 538 221 76 145 86 63 317
is_linear=0
shrinkage=0.1


Tree=65
num_leaves=31
num_cat=0
split_feature=0 0 2 3 0 5 0 2 7 1 2 6 2 2 3 5 5 1 5 3 8 5 3 3 5 3 3 5 5 3
split_gain=1.11095 0.957718 0.521401 0.168789 0.149234 0.146282 0.121445 0.00788903 0.000359634 0.000163787 3.80763e-05 6.30974e-06 3.61844e-06 3.04917e-06 2.53124e-07 1.92037e-07 8.34083e-08 5.82392e-08 4.34557e-08 2.61942e-08 1.49584e-08 1.17573e-08 8.47736e-09 7.66312e-09 6.3672e-09 6.23707e-09 3.22528e-09 3.30378e-09 2.23665e-09 2.65271e-09
threshold=19.500000000000004 21.500000000000004 19597.000000000004 74.000000000000014 27.000000000000004 6.5565109252929696e-06 43.500000000000007 52695.000000000007 7653.0000000000009 31.500000000000004 57473.000000000007 20.500000000000004 52695.000000000007 65054.500000000007 57449.500000000007 1.34096896648407 0.047909975051879806 14.500000000000002 2.4914741516113285e-05 57511.500000000007 102.0088479595522 0.033275485038757255 331.00000000000006 27160.000000000004 1.2516975402832033e-05 2802.5000000000005 95.000000000000014 8.4638595581054704e-06 1.1086463928222658e-05 1781.0000000000002
decision_type=2 2 2 2 2 2 2 2 2 2 2 2 2 2 2 2 2 2 2 2 2 2 2 2 2 2 2 2 2 2
left_child=14 9 4 6 8 -5 16 -7 11 12 17 18 15 22 21 19 -4 20 -3 -2 28 23 -14 24 26 -24 -1 -28 29 -9
right_child=1 2 3 5 -6 7 -8 10 -10 -11 -12 -13 13 -15 -16 -17 -18 -19 -20 -21 -22 -23 25 -25 -26 -27 27 -29 -30 -31
leaf_value=0.10018749878964302 -0.10003496257023754 -0.10003470891530562 -0.10019502749321521 -0.10235452604066518 0.10027389049679354 0.12624491975444804 0.10017290449185819 0.10017287635629424 -0.1084176171166821 -0.10591991133860844 0.1026688895694077 -0.1019608158766848 -0.10055324909739985 -0.10003927200627157 0.10046082236385466 -0.10038056864297956 -0.10039497105465581 0.10029690279349837 -0.10028625282196844 -0.10014270061866828 0.10011548067576254 0.10011165800826827 -0.10060179171047264 0.10021417875763508 0.10014629002952598 -0.10056953227190082 0.10019727694673274 0.10016437483214509 0.10016743788335176 0.10020685134697825
leaf_weight=0.088085368159227406 0.55393278942210622 0.18486993756960124 0.04617540308390744 0.035119866952300072 0.041742397821508348 0.16467113792896271 0.047133177984505892 0.058216631878167391 0.071612559258937836 0.052766695618629345 0.073684748494997621 0.01886121928691864 0.10775049426592886 0.15143786542466842 0.029934540041722357 0.016978888190351427 0.038061529281549156 0.037099829874932766 0.007132803206332027 0.023525011609308422 0.05191222985740751 0.0399652817286551 0.13056222023442388 0.033360211178660393 0.14297372696455568 0.11078995512798429 0.032793242600746453 0.4399692026199773 0.18214382114820182 0.037969720084220171
leaf_count=49 1600 533 30 2 24 1 28 35 1 1 6 1 20 402 16 5 17 14 6 17 46 36 22 18 100 20 17 271 112 20
internal_value=-0.000442738 -0.0366289 0.03021 0.0748946 -0.0762146 0.0960632 -0.0283646 0.107568 -0.102295 -0.100478 0.100594 -0.100216 -0.100216 -0.100414 0.100175 -0.100049 -0.100285 0.100178 -0.100044 -0.100039 0.100165 0.100164 -0.100577 0.100167 0.100165 -0.100587 0.10017 0.100167 0.100174 0.100186
internal_weight=3.05123 2.24415 1.09641 0.772188 0.324219 0.640818 0.13137 0.605698 0.282477 1.14774 0.441027 0.210864 1.09498 0.500541 0.807082 0.594437 0.0842369 0.367342 0.192003 0.577458 0.330242 0.777147 0.349103 0.737182 0.703822 0.241352 0.560848 0.472762 0.27833 0.0961864
internal_count=3470 2963 876 311 565 236 75 234 541 2087 233 540 2086 464 507 1622 47 227 539 1617 213 491 62 455 437 42 337 288 167 55
is_linear=0
shrinkage=0.1


Tree=66
num_leaves=31
num_cat=0
split_feature=0 0 2 3 0 5 0 2 7 1 4 7 2 2 3 5 1 5 5 3 7 5 3 3 5 3 3 5 5 3
split_gain=1.00459 0.866054 0.469424 0.151251 0.134763 0.131402 0.109862 0.00563551 0.000263366 0.00012047 3.46049e-05 4.66314e-06 2.67867e-06 2.25656e-06 1.8764e-07 1.42205e-07 1.13209e-07 6.17811e-08 3.21931e-08 1.93998e-08 1.05822e-08 8.70681e-09 6.26852e-09 5.67925e-09 4.71452e-09 4.60947e-09 2.38863e-09 2.44613e-09 1.83763e-09 1.96452e-09
threshold=19.500000000000004 21.500000000000004 19597.000000000004 74.000000000000014 27.000000000000004 6.5565109252929696e-06 43.500000000000007 52695.000000000007 7653.0000000000009 31.500000000000004 1.0000000180025095e-35 5939.5000000000009 52695.000000000007 65054.500000000007 57449.500000000007 1.34096896648407 14.500000000000002 0.047909975051879806 2.4914741516113285e-05 57511.500000000007 14262.000000000002 0.033275485038757255 331.00000000000006 27160.000000000004 1.2516975402832033e-05 2802.5000000000005 95.000000000000014 8.4638595581054704e-06 1.1086463928222658e-05 1781.0000000000002
decision_type=2 2 2 2 2 2 2 2 2 2 2 2 2 2 2 2 2 2 2 2 2 2 2 2 2 2 2 2 2 2
left_child=14 9 4 6 8 -5 17 -7 11 12 16 18 15 22 21 19 20 -4 -3 -2 28 23 -14 24 26 -24 -1 -28 29 -9
right_child=1 2 3 5 -6 7 -8 10 -10 -11 -12 -13 13 -15 -16 -17 -18 -19 -20 -21 -22 -23 25 -25 -26 -27 27 -29 -30 -31
leaf_value=0.1001696266960842 -0.10003163722982422 -0.10003140592047849 -0.10017644641947548 -0.10212665154053778 0.1002478158372905 0.12313224667564925 0.10015642403813954 0.10015640101481012 -0.10755272919228781 -0.10532494263974 0.10290595667914514 -0.10177073758361328 -0.10050033115304371 -0.10003553467946519 0.10041697833007755 -0.10034423786665421 0.10031606501422854 -0.10035732433919586 -0.1002589849968155 -0.10012910316203601 0.10010287685104768 0.10010102048257714 -0.10054419841385823 0.10019377759182707 0.10013235016023381 -0.10051505152595115 0.10017846849443578 0.10014870837361296 0.10015065412989502 0.1001871350314219
leaf_weight=0.079716434702277517 0.50123493312275991 0.16728248726576556 0.041788587928749621 0.031845064833760262 0.037779407692141831 0.15257178246974945 0.042654523625969887 0.052684811409562826 0.065292134881019592 0.048001214861869812 0.053441470488905907 0.017096588388085365 0.09754540491849184 0.13703150494256988 0.027097116166260093 0.015368412481620908 0.046968966023996472 0.034451758139766753 0.006455693452153354 0.021289054537191987 0.042551849386654794 0.036165730096399784 0.11820181366056204 0.030191401485353708 0.12938507227227092 0.10029846988618374 0.029677840648218989 0.39815970731433481 0.16926064912695438 0.034362841048277915
leaf_count=49 1600 533 30 2 24 1 28 35 1 1 2 1 20 402 16 5 18 17 6 17 42 36 22 18 100 20 17 271 116 20
internal_value=-0.000449135 -0.0365507 0.0300542 0.074446 -0.0760641 0.0953867 -0.0283578 0.106785 -0.102071 -0.100432 0.100538 -0.100195 -0.100195 -0.100374 0.100159 -0.100044 0.100172 -0.100258 -0.10004 -0.100036 0.100149 0.100149 -0.100521 0.100151 0.100149 -0.100531 0.100154 0.100151 0.100157 0.100169
internal_weight=2.76585 2.03546 0.996489 0.702582 0.293906 0.583687 0.118895 0.551842 0.256127 1.03897 0.399271 0.190835 0.99097 0.453077 0.730393 0.537892 0.345829 0.0762403 0.173738 0.522524 0.29886 0.703296 0.316046 0.66713 0.636939 0.2185 0.507554 0.427838 0.256308 0.0870477
internal_count=3470 2963 876 311 565 236 75 234 541 2087 233 540 2086 464 507 1622 231 47 539 1617 213 491 62 455 437 42 337 288 171 55
is_linear=0
shrinkage=0.1


Tree=67
num_leaves=31
num_cat=0
split_feature=0 0 2 3 0 5 0 2 7 1 10 6 2 2 3 5 1 5 5 3 8 5 3 3 5 3 3 5 5 3
split_gain=0.908463 0.783217 0.42285 0.135675 0.12172 0.118126 0.0993849 0.00404279 0.000193093 8.8673e-05 2.55447e-05 3.44709e-06 1.98311e-06 1.67016e-06 1.39094e-07 1.0531e-07 8.38559e-08 4.57631e-08 2.38489e-08 1.43686e-08 8.20337e-09 6.44784e-09 4.63552e-09 4.20853e-09 3.49071e-09 3.4074e-09 1.76897e-09 1.81128e-09 1.22708e-09 1.45499e-09
threshold=19.500000000000004 21.500000000000004 19597.000000000004 74.000000000000014 27.000000000000004 6.5565109252929696e-06 43.500000000000007 52695.000000000007 7653.0000000000009 31.500000000000004 1.0000000180025095e-35 20.500000000000004 52695.000000000007 65054.500000000007 57449.500000000007 1.34096896648407 14.500000000000002 0.047909975051879806 2.4914741516113285e-05 57511.500000000007 102.0088479595522 0.033275485038757255 331.00000000000006 27160.000000000004 1.2516975402832033e-05 2802.5000000000005 95.000000000000014 8.4638595581054704e-06 1.1086463928222658e-05 1781.0000000000002
decision_type=2 2 2 2 2 2 2 2 2 2 2 2 2 2 2 2 2 2 2 2 2 2 2 2 2 2 2 2 2 2
left_child=14 9 4 6 8 -5 17 -7 11 12 -9 18 15 22 21 19 20 -4 -3 -2 28 23 -14 24 26 -24 -1 -28 29 -12
right_child=1 2 3 5 -6 7 -8 10 -10 -11 16 -13 13 -15 -16 -17 -18 -19 -20 -21 -22 -23 25 -25 -26 -27 27 -29 -30 -31
leaf_value=0.1001534600037344 -0.10002862661277093 -0.10002841817981895 -0.1001596384456527 -0.10192116260282776 0.10022422383832724 0.12045230156058849 0.10014151896525841 0.10262216565450431 -0.10678256471464403 -0.10479261242557424 0.10014149741502321 -0.10159940104506304 -0.10045249858448729 -0.10003215022383974 0.10037731004354927 -0.10031138599981733 0.10028593879008132 -0.10032327349468367 -0.10023431534293209 -0.10011680278329163 0.10009452706680273 0.10009139788338615 -0.10049214414330204 0.1001753199002724 0.10011974070179824 -0.10046580575363198 0.10016145645071924 0.10013453691043689 0.10013704511135663 0.10016930101456828
leaf_weight=0.072141464101150965 0.45354907817090839 0.15136773872654885 0.037817900825757533 0.028869743924587965 0.034191859478596598 0.14096522331237793 0.0386008620262146 0.048482755199074745 0.059483077377080917 0.043642666190862656 0.047677922761067748 0.015494393184781075 0.088302622782066464 0.1239952142641414 0.0245276820496656 0.013910237583331764 0.042511396110057831 0.031183282408164814 0.0058427175390534094 0.01926537964027375 0.04251046065473929 0.032727091806009412 0.10700600780546665 0.027323087328113616 0.11708644940517843 0.090796031523495913 0.026857949793338776 0.36031819484196603 0.14916983153671026 0.031098038656637073
leaf_count=49 1600 533 30 2 24 1 28 2 1 1 35 1 20 402 16 5 18 17 6 17 46 36 22 18 100 20 17 271 112 20
internal_value=-0.000454699 -0.0364803 0.0299154 0.0740463 -0.0759286 0.0947851 -0.0283516 0.106088 -0.101869 -0.100391 0.100486 -0.100176 -0.100177 -0.100339 0.100144 -0.10004 0.100155 -0.100234 -0.100036 -0.100032 0.100135 0.100135 -0.100472 0.100137 0.100135 -0.10048 0.100139 0.100136 0.100142 0.100152
internal_weight=2.50672 1.84573 0.905267 0.638887 0.26638 0.531285 0.107602 0.502416 0.232188 0.940467 0.36145 0.172705 0.896825 0.4101 0.660982 0.486725 0.312968 0.0690012 0.15721 0.472814 0.270456 0.636454 0.286105 0.603727 0.576404 0.197802 0.459318 0.387176 0.227946 0.078776
internal_count=3470 2963 876 311 565 236 75 234 541 2087 233 540 2086 464 507 1622 231 47 539 1617 213 491 62 455 437 42 337 288 167 55
is_linear=0
shrinkage=0.1


Tree=68
num_leaves=31
num_cat=0
split_feature=0 0 2 3 0 9 0 2 7 1 4 6 2 2 3 9 1 9 9 3 8 6 3 3 9 3 3 9 9 3
split_gain=0.821581 0.708345 0.381074 0.121813 0.109959 0.106264 0.0899093 0.00291079 0.00014172 6.53104e-05 1.88631e-05 2.54867e-06 1.46828e-06 1.23625e-06 1.03101e-07 7.79921e-08 6.21129e-08 2.58091e-08 1.76675e-08 1.06434e-08 6.07549e-09 4.77526e-09 3.42873e-09 3.11824e-09 2.58505e-09 2.51911e-09 1.3101e-09 1.34138e-09 9.08835e-10 1.07776e-09
threshold=19.500000000000004 21.500000000000004 19597.000000000004 74.000000000000014 27.000000000000004 6.5565109252929696e-06 43.500000000000007 52695.000000000007 7653.0000000000009 31.500000000000004 1.0000000180025095e-35 20.500000000000004 52695.000000000007 65054.500000000007 57449.500000000007 0.26603034938254011 14.500000000000002 0.011885166168212851 2.4914741516113285e-05 57511.500000000007 102.0088479595522 30.000000000000004 331.00000000000006 27160.000000000004 1.2516975402832033e-05 2802.5000000000005 95.000000000000014 8.4638595581054704e-06 1.1086463928222658e-05 1781.0000000000002
decision_type=2 2 2 2 2 2 2 2 2 2 2 2 2 2 2 2 2 2 2 2 2 2 2 2 2 2 2 2 2 2
left_child=14 9 4 6 8 -5 17 -7 11 12 16 18 15 22 21 19 20 -4 -3 -2 28 23 -14 24 26 -24 -1 -28 29 -9
right_child=1 2 3 5 -6 7 -8 10 -10 -11 -12 -13 13 -15 -16 -17 -18 -19 -20 -21 -22 -23 25 -25 -26 -27 27 -29 -30 -31
leaf_value=0.10013883655462386 -0.10002589908143167 -0.10002571123804854 -0.10014675771719846 -0.10173579657847905 0.10020288043370003 0.11813136772422815 0.10012803230443068 0.10012801554585571 -0.10609563312997393 -0.10431580087366631 0.10236672048650862 -0.1014448785624148 -0.10040925607365458 -0.10002908858597237 0.10034141400988877 -0.10028167789102108 0.10025868729831047 -0.10027533420763333 -0.10021199487322435 -0.1001056760067169 0.10008552371188646 0.10008269202287728 -0.10044509056054718 0.10015861986480071 0.10010833298193511 -0.10042128808958267 0.10014606982927719 0.10012171789709466 0.10012398837386015 0.10015317009411127
leaf_weight=0.065285343676805829 0.41039879122399703 0.13696671670186333 0.031081276276381686 0.026167597621679306 0.03094432910438627 0.12992717325687408 0.03493196947965771 0.043146281619556248 0.054153189063072205 0.039660807698965073 0.043972903862595558 0.014040174894034863 0.079932176508009434 0.11219876931863837 0.02220110030611977 0.012590042664669454 0.038475825451314449 0.031366733368486166 0.0052878271089866749 0.017433875240385532 0.038468339713290334 0.029615141917020082 0.096866088453680277 0.024726864416152239 0.10595565929543227 0.082190214423462749 0.024305622093379498 0.3260690062888898 0.13499115261947736 0.02814297063741833
leaf_count=49 1600 533 27 2 24 1 28 35 1 1 2 1 20 402 16 5 18 20 6 17 46 36 22 18 100 20 17 271 112 20
internal_value=-0.000459558 -0.0364168 0.0297914 0.0736898 -0.0758065 0.0942492 -0.028346 0.105468 -0.101687 -0.100353 0.10044 -0.100159 -0.10016 -0.100306 0.10013 -0.100036 0.100141 -0.100211 -0.100033 -0.100029 0.100122 0.100122 -0.100426 0.100124 0.100122 -0.100434 0.100126 0.100123 0.100129 0.100138
internal_weight=2.27149 1.67334 0.822064 0.580672 0.241392 0.483292 0.09738 0.457125 0.210448 0.851271 0.327197 0.156295 0.81161 0.371187 0.598159 0.440423 0.283225 0.062448 0.142255 0.427833 0.244749 0.575958 0.258988 0.546342 0.521616 0.179056 0.41566 0.350375 0.20628 0.0712893
internal_count=3470 2963 876 311 565 236 75 234 541 2087 233 540 2086 464 507 1622 231 47 539 1617 213 491 62 455 437 42 337 288 167 55
is_linear=0
shrinkage=0.1


Tree=69
num_leaves=31
num_cat=0
split_feature=0 0 3 9 0 5 1 1 3 3 3 3 5 3 1 8 5 3 3 5 5 5 7 3 5 9 3 3 3 3
split_gain=0.743045 0.640665 0.28289 0.223785 0.127038 0.0956891 0.00212178 4.81308e-05 1.00352e-05 7.64035e-07 5.46898e-07 3.18742e-07 1.46171e-07 7.6417e-08 4.26615e-08 3.00003e-08 2.86472e-08 1.79446e-08 1.70185e-08 7.31676e-09 5.06866e-09 6.1626e-09 4.64841e-09 3.94568e-09 3.53655e-09 3.28386e-09 2.86246e-09 7.72409e-09 2.31082e-09 2.15862e-09
threshold=19.500000000000004 21.500000000000004 95.000000000000014 4.3306334972381597 43.500000000000007 6.5565109252929696e-06 31.500000000000004 31.500000000000004 129.00000000000003 95.000000000000014 10004.500000000002 74.000000000000014 0.47824513912200933 57449.500000000007 14.500000000000002 73.500000000000014 1.34096896648407 5045.5000000000009 57279.000000000007 8.9406967163085954e-06 1.1563301086425783e-05 1.2040138244628908e-05 14262.000000000002 57511.500000000007 0.033275485038757255 0.0026281833648681007 50985.000000000007 27358.000000000004 27160.000000000004 331.00000000000006
decision_type=2 2 2 2 2 2 2 2 2 2 2 2 2 2 2 2 2 2 2 2 2 2 2 2 2 2 2 2 2 2
left_child=13 7 4 5 12 -4 8 9 -7 11 17 -2 15 24 18 -3 19 29 22 -12 -21 26 -10 -23 28 -17 27 -22 -1 -11
right_child=1 2 3 -5 -6 6 -8 -9 14 10 16 -13 -14 -15 -16 25 -18 -19 -20 20 21 23 -24 -25 -26 -27 -28 -29 -30 -31
leaf_value=0.10011062730853937 -0.1003322282480823 -0.10002396978136979 -0.10156853586157118 -0.10443806654815142 0.10012556585768817 0.10164594750763552 0.11597667953962276 -0.10388828202520028 0.10011627498092142 -0.10034525384489888 -0.10017029586085324 -0.10002489657920879 -0.10036009152567722 0.10030893112996926 0.10023800616750647 -0.10015544224989299 -0.10026962572930734 -0.1002891088022848 0.1002063818824184 -0.10002273393155958 -0.10015161371552493 -0.10002648040560423 0.10007738315460152 -0.1000870725615733 0.10007481710004387 -0.10009735868955656 -0.100162653094647 -0.10002273500447528 0.10014351545710985 -0.10037095951449125
leaf_weight=0.47202947066398371 0.037140163040021212 0.12681196117773652 0.023714427836239338 0.064778284635394812 0.03835940471617505 0.052587231155484915 0.12051523488480598 0.036026731133460999 0.17286799568682909 0.043160891887964681 0.0063076096121221772 0.36928746521880385 0.016452513402327895 0.020094560866709799 0.03381024207919836 0.018026064499281347 0.0073862272547557941 0.038141537690535188 0.019780693866778165 0.027491706438013352 0.0097858631779672578 0.026888867680099793 0.037376400083303452 0.017902306717587635 0.026798890437930822 0.021159241849090904 0.0077575665345648295 0.008861336944391951 0.022376995300874114 0.13436955466750078
leaf_count=437 16 540 2 3 32 14 2 1 156 24 15 1589 5 16 17 14 3 34 16 121 28 108 49 26 36 26 20 39 18 63
internal_value=-0.000463818 -0.0363595 0.0296807 0.0695942 -0.0652964 0.0940672 0.104685 -0.10032 0.100385 -0.100145 -0.100258 -0.100053 -0.100076 0.100118 0.100133 -0.100048 -0.100079 -0.100351 0.100118 -0.100066 -0.100059 -0.100073 0.100109 -0.100051 0.10011 -0.100124 -0.100112 -0.10009 0.100112 -0.100365
internal_weight=2.05805 1.51675 0.74624 0.525431 0.220809 0.460652 0.436938 0.770508 0.316423 0.734481 0.328053 0.406428 0.18245 0.5413 0.263835 0.165997 0.112381 0.215672 0.230025 0.104995 0.0986876 0.0711959 0.210244 0.0447912 0.521205 0.0391853 0.0264048 0.0186472 0.494406 0.17753
internal_count=3470 2963 876 259 617 256 254 2087 252 2086 481 1605 585 507 238 580 360 121 221 357 342 221 205 134 491 40 87 67 455 87
is_linear=0
shrinkage=0.1


Tree=70
num_leaves=31
num_cat=0
split_feature=0 0 5 6 8 2 8 5 2 2 3 2 3 5 5 3 7 3 3 5 3 5 5 5 5 3 5 3 3 5
split_gain=0.71847 0.529865 0.383238 0.138476 0.122509 0.0747866 0.0109138 0.0068794 1.02833e-06 7.0716e-07 5.22078e-08 1.09694e-08 9.67813e-09 5.53611e-09 1.91659e-09 1.98566e-09 1.76885e-09 1.10321e-09 1.83068e-09 1.09076e-09 7.8835e-10 5.65914e-10 4.89847e-10 3.21349e-10 3.07096e-10 2.69902e-10 1.98293e-10 1.88707e-10 1.62061e-10 1.46996e-10
threshold=19.500000000000004 27.000000000000004 0.34207010269165045 5.0000000000000009 89.500000000000014 57411.500000000007 313.22916666666669 0.29147756099700933 52695.000000000007 52966.500000000007 57443.500000000007 62534.500000000007 57272.500000000007 1.0490417480468752e-05 0.044107556343078606 9955.5000000000018 286.00000000000006 3347.5000000000005 444.00000000000006 1.2516975402832033e-05 95.000000000000014 1.3947486877441408e-05 8.9406967163085954e-06 1.2516975402832033e-05 1.1563301086425783e-05 10004.500000000002 1.3947486877441408e-05 95.000000000000014 1721.5000000000002 1.1086463928222658e-05
decision_type=2 2 2 2 2 2 2 2 2 2 2 2 2 2 2 2 2 2 2 2 2 2 2 2 2 2 2 2 2 2
left_child=10 2 4 -4 7 -6 -5 8 16 17 14 -11 13 -3 15 19 -2 18 -10 20 -1 23 -22 27 -24 -13 28 -15 -21 -29
right_child=1 12 3 6 5 -7 -8 -9 9 11 -12 25 -14 21 -16 -17 -18 -19 -20 26 22 -23 24 -25 -26 -27 -28 29 -30 -31
leaf_value=0.10011376814416495 -0.10002091780497951 0.10015044660028607 0.095673189266966316 -0.016595080255211812 -0.10024918472618805 0.075410401162997465 -0.074271409345540162 -0.12325735756404782 -0.10033729153254585 -0.100121592536834 0.10027278372703433 -0.10003235299959297 0.10018228607472945 0.10010816760861925 0.10006827281174745 0.10012800062786616 -0.10007506071073372 -0.10033293064742493 -0.1003577938197672 0.10008946161499291 0.10011432962551062 0.10011637963628195 0.10009524031966235 0.10008748472381163 0.10010219602024878 -0.1000206123343763 0.10009628173126284 0.10009385044350737 0.10007835354973312 0.10010142962765539
leaf_weight=0.046331076184288 0.44179749650356803 0.025754018919542321 0.16765927697997529 0.080106742650968954 0.03845675072807353 0.065548611455596983 0.055564980080816895 0.15308569371700287 0.086002122843638062 0.013134651584550738 0.018047542485874146 0.027712823692127131 0.018585340934805572 0.0272471365169622 0.019017527636606246 0.025112344301305711 0.00611760135507211 0.071613973472267389 0.088234186638146639 0.040320862666703761 0.021063625812530518 0.021087414061184973 0.13699314033146948 0.021190090628806502 0.1182738016359508 0.066724023723509163 0.026159121305681765 0.038293079298455268 0.019479405134916306 0.077135734842158854
leaf_count=42 2114 18 7 35 37 40 9 1 26 13 16 86 17 26 28 22 9 22 25 46 19 20 145 25 117 324 28 41 25 77
internal_value=-0.00841168 -0.0405225 -0.0642027 0.0348933 -0.0926023 0.010459 -0.0402167 -0.103833 -0.100122 -0.10025 0.100106 -0.100036 0.100113 0.100107 0.100099 0.100101 -0.100022 -0.100343 -0.100348 0.100099 0.100102 0.100101 0.1001 0.100099 0.100098 -0.100024 0.100089 0.100101 0.100086 0.100099
internal_weight=2.06185 1.59105 1.36176 0.303331 1.05843 0.104005 0.135672 0.954423 0.801337 0.353422 0.470798 0.107571 0.229293 0.210707 0.452751 0.433733 0.447915 0.24585 0.174236 0.408621 0.322662 0.184953 0.276331 0.163866 0.255267 0.0944368 0.0859594 0.142676 0.0598003 0.115429
internal_count=3460 2972 2748 51 2697 77 44 2620 2619 496 488 423 224 207 472 444 2123 73 51 422 323 189 281 169 262 410 99 144 71 118
is_linear=0
shrinkage=0.1


Tree=71
num_leaves=31
num_cat=0
split_feature=0 0 5 1 1 1 5 8 2 2 3 2 3 3 3 3 5 5 3 5 3 5 5 3 5 5 7 5 3 3
split_gain=0.646676 0.474104 0.348527 0.20966 0.0676146 0.034639 0.00499388 0.00336417 8.26872e-07 5.49379e-07 3.86927e-08 1.53285e-08 8.80508e-09 7.1716e-09 4.63012e-09 4.19878e-09 4.09968e-09 1.41969e-09 1.4713e-09 8.07806e-10 5.83897e-10 4.19243e-10 3.62763e-10 2.86384e-10 2.38054e-10 2.27483e-10 1.75813e-10 1.46889e-10 1.39826e-10 1.20056e-10
threshold=19.500000000000004 27.000000000000004 0.34207010269165045 12.500000000000002 31.500000000000004 27.500000000000004 0.29147756099700933 136.36750000000004 19597.000000000004 54704.500000000007 57443.500000000007 62534.500000000007 110.50000000000001 57272.500000000007 57511.500000000007 3347.5000000000005 1.0490417480468752e-05 0.044107556343078606 9955.5000000000018 1.2516975402832033e-05 95.000000000000014 1.3947486877441408e-05 8.9406967163085954e-06 10004.500000000002 1.2516975402832033e-05 1.1563301086425783e-05 432.00000000000006 1.3947486877441408e-05 95.000000000000014 1721.5000000000002
decision_type=2 2 2 2 2 2 2 2 2 2 2 2 2 2 2 2 2 2 2 2 2 2 2 2 2 2 2 2 2 2
left_child=10 2 3 -2 5 7 8 -4 14 12 17 -11 -10 16 26 -14 -3 18 19 20 -1 24 -22 -13 28 -24 -5 29 -18 -21
right_child=1 13 4 6 -6 -7 -8 -9 9 11 -12 23 15 -15 -16 -17 21 -19 -20 27 22 -23 25 -25 -26 -27 -28 -29 -30 -31
leaf_value=0.10010293089439692 0.1011582863399116 0.10013610952885753 -0.0071465745616437456 -0.10001892800447001 0.071560261905244588 -0.093052643692706424 -0.1205603399827927 0.038374049307747037 -0.10027421764776384 -0.10011857999742578 0.10024683076472359 -0.10003113348306343 -0.10033230252934489 0.10016493283308217 -0.10007716684748683 -0.10030115129246153 0.10009786571105993 0.1000617699279498 0.10011581230105904 0.10008094148791712 0.10010343800908801 0.10010529527901149 0.10008616873449411 -0.10001864726052707 0.10007915137293924 0.10009246195756204 -0.10003922277129425 0.10008711203392134 0.10008949340117619 0.10007089093554251
leaf_weight=0.041926399513613544 0.05308202269952722 0.023306366521865018 0.028145911841420457 0.40002335229655728 0.17700519191566855 0.046982611413113773 0.1414559930562973 0.038365935120964423 0.048211361892754212 0.020505536405835301 0.016334104293491691 0.026401690149214119 0.13014440261758864 0.016819476964883506 0.014237434777896851 0.064818489598110318 0.024656637164298445 0.01720883185043931 0.022725214541424066 0.036486773460637778 0.01906112494179979 0.019082686631008983 0.12396718334639445 0.060375518631190062 0.019175102061126381 0.10702843975741416 0.0043146236857864997 0.023671810049563646 0.10445364203769714 0.01762694219360128
leaf_count=42 32 18 16 2115 4 4 1 27 24 20 16 88 40 17 19 22 26 28 22 46 19 20 145 324 25 117 12 28 118 25
internal_value=-0.00831521 -0.0399164 -0.0630834 -0.0920293 0.0329288 -0.0273207 -0.103292 0.019111 -0.100116 -0.100229 0.100096 -0.100041 -0.100312 0.100102 -0.100021 -0.100322 0.100097 0.10009 0.100091 0.10009 0.100092 0.100091 0.10009 -0.100022 0.10009 0.100089 -0.100019 0.100081 0.100091 0.100078
internal_weight=1.8876 1.46156 1.25407 0.96357 0.2905 0.113494 0.910488 0.0665118 0.769032 0.350457 0.426037 0.107283 0.243174 0.207494 0.418575 0.194963 0.190674 0.409703 0.392494 0.369769 0.291983 0.167368 0.250057 0.0867772 0.148285 0.230996 0.404338 0.0777855 0.12911 0.0541137
internal_count=3460 2972 2748 2697 51 47 2665 43 2664 518 488 432 86 224 2146 62 207 472 444 422 323 189 281 412 169 262 2127 99 144 71
is_linear=0
shrinkage=0.1


Tree=72
num_leaves=31
num_cat=0
split_feature=0 0 5 1 6 8 5 2 2 3 2 3 3 3 3 5 5 3 5 3 5 5 3 5 5 0 5 3 3 5
split_gain=0.582213 0.424348 0.318512 0.189112 0.113788 0.00531843 0.00360574 6.12329e-07 4.06762e-07 2.86748e-08 1.13534e-08 6.51306e-09 5.31443e-09 3.4294e-09 3.10751e-09 3.03625e-09 1.05132e-09 1.08997e-09 5.98283e-10 4.32384e-10 3.10625e-10 2.68651e-10 2.12085e-10 1.76281e-10 1.68448e-10 1.28059e-10 1.08791e-10 1.03587e-10 8.89072e-11 8.06444e-11
threshold=19.500000000000004 27.000000000000004 0.34207010269165045 12.500000000000002 5.0000000000000009 225.52631578947373 0.29147756099700933 19597.000000000004 54704.500000000007 57443.500000000007 62534.500000000007 110.50000000000001 57272.500000000007 57511.500000000007 3347.5000000000005 1.0490417480468752e-05 0.044107556343078606 9955.5000000000018 1.2516975402832033e-05 95.000000000000014 1.3947486877441408e-05 8.9406967163085954e-06 10004.500000000002 1.2516975402832033e-05 1.1563301086425783e-05 20.500000000000004 1.3947486877441408e-05 95.000000000000014 1721.5000000000002 1.1086463928222658e-05
decision_type=2 2 2 2 2 2 2 2 2 2 2 2 2 2 2 2 2 2 2 2 2 2 2 2 2 2 2 2 2 2
left_child=9 2 3 -2 -4 -6 7 13 11 16 -10 -9 15 25 -13 -3 17 18 19 -1 23 -21 -12 27 -23 -5 28 -17 -20 -29
right_child=1 12 4 6 5 -7 -8 8 10 -11 22 14 -14 -15 -16 20 -18 -19 26 21 -22 24 -24 -25 -26 -27 -28 29 -30 -31
leaf_value=0.10009312586988016 0.10104812089460367 0.10012314148583808 0.090464304027513126 -0.10003481259913305 -0.020004485590829665 -0.060761064686083013 -0.11822517271635709 -0.10024807001327013 -0.10010728421684822 0.10022334572394652 -0.10002817021528987 -0.10030058301670658 0.10014923394403935 -0.10006981913056053 -0.10027241385922914 0.10008854458286998 0.10005589063842901 0.10010478314526992 0.1000732329935502 0.1000935850301959 0.10009526799907559 0.10007796262142216 -0.10001687430873407 0.10007161402071121 0.10008365546817773 -0.10001712520044555 0.10007881562720378 0.10007682359467121 0.10006414085372309 0.100083027285151
leaf_weight=0.037940102163702361 0.048080302134621666 0.021091065020300337 0.14920411421917379 0.0041402353817829854 0.076030343945603818 0.055309101066086441 0.13039222359657288 0.043634244269924238 0.018556163733592257 0.014782996120629832 0.023889908959972672 0.11779487226158381 0.015221156529150903 0.012883461604360491 0.058666149154305458 0.02231222006957978 0.015572063799481839 0.020564774808008224 0.033017011533956975 0.017248830408789217 0.017268370662350208 0.11217887623934075 0.054630946877296083 0.017351590271573514 0.096851425361819565 0.36172621260629967 0.021420824807137251 0.031356640858575702 0.015950538101606071 0.063164563092868775
leaf_count=42 32 18 7 13 31 13 1 24 20 16 88 40 17 19 22 26 28 22 46 19 20 145 324 25 117 2114 28 41 25 77
internal_value=-0.0082317 -0.0393329 -0.0620002 -0.0917463 0.030712 -0.0371677 -0.102964 -0.100105 -0.100207 0.100087 -0.100037 -0.100283 0.100093 -0.100019 -0.100291 0.100088 0.100081 0.100082 0.100081 0.100083 0.100083 0.100082 -0.10002 0.100081 0.100081 -0.100017 0.100073 0.100082 0.10007 0.100081
internal_weight=1.72823 1.3427 1.15494 0.874395 0.280544 0.131339 0.826314 0.695922 0.317172 0.385527 0.097077 0.220095 0.187766 0.37875 0.176461 0.172544 0.370744 0.355172 0.334608 0.264219 0.151453 0.226279 0.0785209 0.134185 0.20903 0.365866 0.0703884 0.116833 0.0489675 0.0945212
internal_count=3460 2972 2748 2697 51 44 2665 2664 518 488 432 86 224 2146 62 207 472 444 422 323 189 281 412 169 262 2127 99 144 71 118
is_linear=0
shrinkage=0.1


Tree=73
num_leaves=31
num_cat=0
split_feature=0 0 0 1 1 6 6 6 1 3 3 3 5 3 5 8 3 0 3 3 5 3 3 3 3 0 5 5 5 3
split_gain=0.524073 0.384045 0.176681 0.241396 0.175915 0.111041 0.00162611 4.21679e-05 3.93992e-05 2.81226e-06 2.60319e-07 1.45636e-07 1.40786e-07 1.08666e-07 3.91901e-08 2.89973e-08 2.12506e-08 6.17512e-09 5.46608e-09 3.93791e-09 2.24891e-09 1.83917e-09 1.5728e-08 1.82932e-09 1.34749e-09 1.01252e-09 8.83767e-10 8.7346e-10 7.78784e-10 8.07534e-10
threshold=19.500000000000004 21.500000000000004 27.000000000000004 31.500000000000004 12.500000000000002 61.000000000000007 45.000000000000007 20.500000000000004 31.500000000000004 438.50000000000006 95.000000000000014 10004.500000000002 0.47824513912200933 74.000000000000014 1.34096896648407 97.000000000000014 57443.500000000007 23.500000000000004 4599.5000000000009 57272.500000000007 1.0490417480468752e-05 27160.000000000004 27358.000000000004 50985.000000000007 55674.500000000007 20.500000000000004 0.0042699575424194015 0.34207010269165045 0.044107556343078606 9955.5000000000018
decision_type=2 2 2 2 2 2 2 2 2 2 2 2 2 2 2 2 2 2 2 2 2 2 2 2 2 2 2 2 2 2
left_child=16 8 3 4 9 6 7 12 10 -3 13 18 15 -2 21 17 28 -6 -12 20 -4 -13 -23 -24 -25 -26 -15 -11 29 -1
right_child=1 2 19 -5 5 -7 -8 -9 -10 27 11 14 -14 26 -16 -17 -18 -19 -20 -21 -22 22 23 24 25 -27 -28 -29 -30 -31
leaf_value=0.10007334404717941 -0.10022123873006261 0.10146277311451002 0.10011141187441162 0.097207691650370021 -0.10007839642362121 0.10022775952889998 -0.11619299336179977 -0.10393124389368578 -0.10362929805601435 0.10005355398934293 -0.10024201081835112 -0.10001522400768957 -0.10035977824982584 -0.10001646195113584 -0.10025958199064977 -0.10021139546932789 0.10020209681266912 -0.10001562074432438 -0.10019543951709671 0.10013502866800837 0.10007477321638392 -0.10023081190722359 -0.10001529006912989 -0.10009438549897864 -0.1000595290038441 -0.10001549982980272 -0.10006819425071163 0.1000874576926736 0.1000505676286888 0.10009480577380366
leaf_weight=0.30278765439288702 0.029208934502093831 0.027651837095618248 0.019086107262410223 0.13432777486741543 0.019169588966178708 0.02832809358369559 0.1199408695101738 0.036394614726305008 0.03379543125629425 0.015893800940830261 0.13678110076580197 0.016587014746619388 0.015885957167483866 0.24133426806656644 0.0096047958359122276 0.0092910944949835539 0.013378900563111529 0.085828267299802974 0.030894691808498465 0.013774526421912014 0.13705092004965991 0.0045706292148679486 0.021831866557477042 0.0063529793842462814 0.013159717840608209 0.0086602684314129874 0.0033480975689599282 0.014560086099663749 0.014090897253481671 0.018609538150485605
leaf_count=422 19 2 18 5 31 15 1 1 1 30 94 109 5 1555 4 7 16 550 39 17 189 2 143 24 24 56 12 19 28 22
internal_value=-0.0081333 -0.0387431 0.0118264 -0.0177355 -0.059136 -0.0886409 -0.107315 -0.100922 -0.10032 0.100733 -0.100106 -0.10018 -0.100081 -0.100039 -0.10007 -0.100042 0.100079 -0.100027 -0.100233 0.100084 0.100079 -0.100044 -0.100053 -0.100037 -0.100054 -0.100042 -0.100017 0.10007 0.100074 0.100075
internal_weight=1.58218 1.23331 0.677184 0.507272 0.372944 0.314838 0.28651 0.16657 0.55613 0.0581057 0.522334 0.248443 0.130175 0.273891 0.0807673 0.114289 0.348867 0.104998 0.167676 0.169912 0.156137 0.0711625 0.0545755 0.0500048 0.028173 0.02182 0.244682 0.0304539 0.335488 0.321397
internal_count=3460 2972 890 666 661 610 595 594 2082 51 2081 495 593 1586 362 588 488 581 133 224 207 358 249 247 104 80 1567 49 472 444
is_linear=0
shrinkage=0.1


Tree=74
num_leaves=31
num_cat=0
split_feature=0 0 0 1 1 6 6 6 1 2 2 2 5 5 8 5 6 2 2 5 0 5 5 5 2 5 0 5 5 2
split_gain=0.473434 0.348012 0.159806 0.21423 0.158334 0.099807 0.00117445 3.10756e-05 2.906e-05 2.07882e-06 2.48109e-07 2.05526e-07 1.04259e-07 4.64598e-08 2.14845e-08 6.55583e-09 1.63998e-08 4.68914e-09 2.57473e-09 1.71791e-09 1.71785e-09 6.47051e-10 3.59746e-10 1.47473e-10 7.14127e-11 6.28394e-11 5.6459e-11 7.32229e-11 1.87762e-11 1.25363e-11
threshold=19.500000000000004 21.500000000000004 27.000000000000004 31.500000000000004 12.500000000000002 61.000000000000007 45.000000000000007 20.500000000000004 31.500000000000004 57473.000000000007 19597.000000000004 65054.500000000007 0.47824513912200933 1.34096896648407 97.000000000000014 0.00077950954437250016 61.000000000000007 51137.000000000007 52695.000000000007 1.0490417480468752e-05 20.500000000000004 0.34207010269165045 1.2516975402832033e-05 7.9870223999023454e-06 52812.000000000007 1.3947486877441408e-05 47.500000000000007 1.2516975402832033e-05 1.2993812561035158e-05 52812.000000000007
decision_type=2 2 2 2 2 2 2 2 2 2 2 2 2 2 2 2 2 2 2 2 2 2 2 2 2 2 2 2 2 2
left_child=15 8 3 4 9 6 7 12 10 21 13 24 14 20 17 22 -17 -6 -4 -20 -2 -3 23 -1 -12 28 27 -21 -24 -25
right_child=1 2 18 -5 5 -7 -8 -9 -10 -11 11 -13 -14 -15 -16 16 -18 -19 19 26 -22 -23 25 29 -26 -27 -28 -29 -30 -31
leaf_value=0.10007845916398841 -0.10005018659929571 0.10004845396672733 0.10011313457289023 0.094304246598171895 -0.10001433086525371 0.10020606202383409 -0.11441666844262482 -0.10354317146462017 -0.10327203921249728 0.10132173340120294 -0.10022733581501715 -0.10001602061301501 -0.10032544022006398 -0.10021811652443176 -0.10019126594855472 0.10020130869318405 0.10004454743073349 -0.10007304921422111 0.10010079900297603 0.10006714182777782 -0.1000139786865151 0.10007912972853113 0.10005498707849853 0.10006708147792245 -0.10023153071063051 0.10006460652460775 0.10007011604192569 0.10005984230611481 0.10005932661794215 0.10006860927617983
leaf_weight=0.013808553339913598 0.013939122014562377 0.014382001594640315 0.016488056833622977 0.12509906059131026 0.078560772584751248 0.025637587299570441 0.11012513190507889 0.033048339188098907 0.030679766088724136 0.025053473189473152 0.095422993064858019 0.062218774590292014 0.014378877938725054 0.011976739973761141 0.0084085329435765743 0.012612069433089346 0.014173435571137816 0.016447546338895336 0.017271561839152128 0.062007763655856252 0.21850306786654983 0.013175551168387756 0.01685698312940076 0.11434863455360755 0.070612290408462286 0.018208148365374655 0.040331585623789579 0.017654994939221069 0.024406765674939379 0.1012756961863488
leaf_count=18 32 30 23 5 553 15 1 1 1 2 43 405 5 6 7 13 32 28 18 94 1564 19 31 173 31 29 59 30 42 150
internal_value=-0.00810685 -0.0385598 0.0117125 -0.0175481 -0.0587978 -0.0880692 -0.106565 -0.100833 -0.10029 0.100662 -0.100096 -0.100171 -0.100073 -0.100026 -0.100038 0.100071 0.100118 -0.100024 0.100076 0.100071 -0.100016 0.100063 0.100067 0.100068 -0.100229 0.10006 0.100067 0.100066 0.100058 0.100068
internal_weight=1.43711 1.12142 0.618071 0.464317 0.339218 0.286607 0.260969 0.150844 0.503353 0.052611 0.472673 0.228254 0.117796 0.244419 0.103417 0.31569 0.0267855 0.0950083 0.153754 0.137266 0.232442 0.0275576 0.288905 0.229433 0.166035 0.0594719 0.119994 0.0796628 0.0412637 0.215624
internal_count=3460 2972 890 666 661 610 595 594 2082 51 2081 479 593 1602 588 488 45 581 224 201 1596 49 443 341 74 102 183 124 73 323
is_linear=0
shrinkage=0.1


end of trees

feature_importances:
dst_port=715
duration=501
src_port=248
src_ip=211
avg_inter_arrival_time=132
dst_ip=108
total_bytes=98
avg_packet_size=64
total_packets=60
protocol=18
syn_count=10

parameters:
[boosting: gbdt]
[objective: binary]
[metric: auc,binary_logloss]
[tree_learner: serial]
[device_type: cpu]
[data_sample_strategy: bagging]
[data: ]
[valid: ]
[num_iterations: 500]
[learning_rate: 0.1]
[num_leaves: 31]
[num_threads: 0]
[seed: 42]
[deterministic: 0]
[force_col_wise: 0]
[force_row_wise: 0]
[histogram_pool_size: -1]
[max_depth: -1]
[min_data_in_leaf: 20]
[min_sum_hessian_in_leaf: 0.001]
[bagging_fraction: 0.8]
[pos_bagging_fraction: 1]
[neg_bagging_fraction: 1]
[bagging_freq: 5]
[bagging_seed: 400]
[bagging_by_query: 0]
[feature_fraction: 0.8]
[feature_fraction_bynode: 1]
[feature_fraction_seed: 30056]
[extra_trees: 0]
[extra_seed: 12879]
[early_stopping_round: 50]
[early_stopping_min_delta: 0]
[first_metric_only: 0]
[max_delta_step: 0]
[lambda_l1: 0]
[lambda_l2: 0]
[linear_lambda: 0]
[min_gain_to_split: 0]
[drop_rate: 0.1]
[max_drop: 50]
[skip_drop: 0.5]
[xgboost_dart_mode: 0]
[uniform_drop: 0]
[drop_seed: 17869]
[top_rate: 0.2]
[other_rate: 0.1]
[min_data_per_group: 100]
[max_cat_threshold: 32]
[cat_l2: 10]
[cat_smooth: 10]
[max_cat_to_onehot: 4]
[top_k: 20]
[monotone_constraints: ]
[monotone_constraints_method: basic]
[monotone_penalty: 0]
[feature_contri: ]
[forcedsplits_filename: ]
[refit_decay_rate: 0.9]
[cegb_tradeoff: 1]
[cegb_penalty_split: 0]
[cegb_penalty_feature_lazy: ]
[cegb_penalty_feature_coupled: ]
[path_smooth: 0]
[interaction_constraints: ]
[verbosity: 1]
[saved_feature_importance_type: 0]
[use_quantized_grad: 0]
[num_grad_quant_bins: 4]
[quant_train_renew_leaf: 0]
[stochastic_rounding: 1]
[linear_tree: 0]
[max_bin: 255]
[max_bin_by_feature: ]
[min_data_in_bin: 3]
[bin_construct_sample_cnt: 200000]
[data_random_seed: 175]
[is_enable_sparse: 1]
[enable_bundle: 1]
[use_missing: 1]
[zero_as_missing: 0]
[feature_pre_filter: 1]
[pre_partition: 0]
[two_round: 0]
[header: 0]
[label_column: ]
[weight_column: ]
[group_column: ]
[ignore_column: ]
[categorical_feature: ]
[forcedbins_filename: ]
[precise_float_parser: 0]
[parser_config_file: ]
[objective_seed: 16083]
[num_class: 1]
[is_unbalance: 0]
[scale_pos_weight: 1]
[sigmoid: 1]
[boost_from_average: 1]
[reg_sqrt: 0]
[alpha: 0.9]
[fair_c: 1]
[poisson_max_delta_step: 0.7]
[tweedie_variance_power: 1.5]
[lambdarank_truncation_level: 30]
[lambdarank_norm: 1]
[label_gain: ]
[lambdarank_position_bias_regularization: 0]
[eval_at: ]
[multi_error_top_k: 1]
[auc_mu_weights: ]
[num_machines: 1]
[local_listen_port: 12400]
[time_out: 120]
[machine_list_filename: ]
[machines: ]
[gpu_platform_id: -1]
[gpu_device_id: -1]
[gpu_use_dp: 0]
[num_gpu: 1]

end of parameters

pandas_categorical:[]
